<?xml version = '1.0' encoding = 'UTF-8'?>
<DomainFile class="oracle.dbtools.crest.model.design.DomainFileWrapper" fileName="basic1_Domains">
<domains>
<Domain class="oracle.dbtools.crest.model.design.Domain" name="Date_0_0_0" id="0EA64B2E-E598-841A-9A13-F9E76D07AAD1">
<createdBy>pawlo</createdBy>
<createdTime>2024-11-18 18:35:17 UTC</createdTime>
<ownerDesignName>basic</ownerDesignName>
<avTSortOrder>0</avTSortOrder>
<fileName>basic1_Domains</fileName>
<logicalDatatype>LOGDT007</logicalDatatype>
</Domain>
<Domain class="oracle.dbtools.crest.model.design.Domain" name="VARCHAR_0_0_50" id="1176A4A5-C780-EBE1-A63B-4D3AEF43624F">
<createdBy>pawlo</createdBy>
<createdTime>2024-11-18 18:35:17 UTC</createdTime>
<ownerDesignName>basic</ownerDesignName>
<avTSortOrder>0</avTSortOrder>
<dataTypePrecision>0</dataTypePrecision>
<dataTypeScale>0</dataTypeScale>
<dataTypeSize>50</dataTypeSize>
<fileName>basic1_Domains</fileName>
<logicalDatatype>LOGDT024</logicalDatatype>
</Domain>
<Domain class="oracle.dbtools.crest.model.design.Domain" name="VARCHAR_0_0_500" id="25DEE9E8-8340-A0C1-1359-3B9296324B2A">
<createdBy>pawlo</createdBy>
<createdTime>2024-11-18 19:10:31 UTC</createdTime>
<ownerDesignName>basic</ownerDesignName>
<avTSortOrder>0</avTSortOrder>
<dataTypePrecision>0</dataTypePrecision>
<dataTypeScale>0</dataTypeScale>
<dataTypeSize>500</dataTypeSize>
<fileName>basic1_Domains</fileName>
<logicalDatatype>LOGDT024</logicalDatatype>
</Domain>
<Domain class="oracle.dbtools.crest.model.design.Domain" name="FLOAT_10_0_0" id="34CB2E28-2D9B-44E6-6848-27D223CEBDA1">
<createdBy>pawlo</createdBy>
<createdTime>2024-11-18 19:10:31 UTC</createdTime>
<ownerDesignName>basic</ownerDesignName>
<avTSortOrder>0</avTSortOrder>
<dataTypePrecision>10</dataTypePrecision>
<dataTypeScale>0</dataTypeScale>
<dataTypeSize>0</dataTypeSize>
<fileName>basic1_Domains</fileName>
<logicalDatatype>LOGDT021</logicalDatatype>
</Domain>
<Domain class="oracle.dbtools.crest.model.design.Domain" name="VARCHAR_0_0_100" id="46CC8579-38FE-7B56-2766-F70444EB240D">
<createdBy>pawlo</createdBy>
<createdTime>2024-11-18 18:35:17 UTC</createdTime>
<ownerDesignName>basic</ownerDesignName>
<avTSortOrder>0</avTSortOrder>
<dataTypePrecision>0</dataTypePrecision>
<dataTypeScale>0</dataTypeScale>
<dataTypeSize>100</dataTypeSize>
<fileName>basic1_Domains</fileName>
<logicalDatatype>LOGDT024</logicalDatatype>
</Domain>
<Domain class="oracle.dbtools.crest.model.design.Domain" name="VARCHAR_0_0_10" id="472069A3-F18B-54DA-DF42-305544E23361">
<createdBy>pawlo</createdBy>
<createdTime>2024-11-18 18:35:17 UTC</createdTime>
<ownerDesignName>basic</ownerDesignName>
<avTSortOrder>0</avTSortOrder>
<dataTypePrecision>0</dataTypePrecision>
<dataTypeScale>0</dataTypeScale>
<dataTypeSize>10</dataTypeSize>
<fileName>basic1_Domains</fileName>
<logicalDatatype>LOGDT024</logicalDatatype>
</Domain>
<Domain class="oracle.dbtools.crest.model.design.Domain" name="FLOAT_5_0_0" id="78E19CF6-27BE-1A02-370C-FFCDA1910031">
<createdBy>pawlo</createdBy>
<createdTime>2024-11-18 19:10:31 UTC</createdTime>
<ownerDesignName>basic</ownerDesignName>
<avTSortOrder>0</avTSortOrder>
<dataTypePrecision>5</dataTypePrecision>
<dataTypeScale>0</dataTypeScale>
<dataTypeSize>0</dataTypeSize>
<fileName>basic1_Domains</fileName>
<logicalDatatype>LOGDT021</logicalDatatype>
</Domain>
<Domain class="oracle.dbtools.crest.model.design.Domain" name="CLOB_0_0_0" id="B037DD64-5EB0-0796-953A-16B1BC28B96D">
<createdBy>pawlo</createdBy>
<createdTime>2024-11-18 18:35:17 UTC</createdTime>
<ownerDesignName>basic</ownerDesignName>
<avTSortOrder>0</avTSortOrder>
<fileName>basic1_Domains</fileName>
<logicalDatatype>LOGDT028</logicalDatatype>
</Domain>
<Domain class="oracle.dbtools.crest.model.design.Domain" name="NUMERIC_0_0_0" id="BBEA72C3-9F4D-714E-B43A-85445762B4CD">
<createdBy>pawlo</createdBy>
<createdTime>2024-11-18 18:35:17 UTC</createdTime>
<ownerDesignName>basic</ownerDesignName>
<avTSortOrder>0</avTSortOrder>
<fileName>basic1_Domains</fileName>
<logicalDatatype>LOGDT019</logicalDatatype>
</Domain>
<Domain class="oracle.dbtools.crest.model.design.Domain" name="VARCHAR_0_0_255" id="BFA2D928-F8DC-9AA8-D787-5B952415E97A">
<createdBy>pawlo</createdBy>
<createdTime>2024-11-18 18:35:17 UTC</createdTime>
<ownerDesignName>basic</ownerDesignName>
<avTSortOrder>0</avTSortOrder>
<dataTypePrecision>0</dataTypePrecision>
<dataTypeScale>0</dataTypeScale>
<dataTypeSize>255</dataTypeSize>
<fileName>basic1_Domains</fileName>
<logicalDatatype>LOGDT024</logicalDatatype>
</Domain>
</domains>
</DomainFile>