<?xml version = '1.0' encoding = 'UTF-8'?>
<TableProxyOraclev11g class="oracle.dbtools.crest.model.design.storage.oracle.v11g.TableProxyOraclev11g" name="sklep" directorySegmentName="seg_0" id="9DAB0003-484A-13C3-C469-D758F4575C05">
<createdBy>pawlo</createdBy>
<createdTime>2024-11-18 19:12:53 UTC</createdTime>
<ownerDesignName>basic</ownerDesignName>
<logging>YES</logging>
<partitionedRowMovement>DISABLE</partitionedRowMovement>
<temporaryChanged>false</temporaryChanged>
<accessDriverType>oracle_loader</accessDriverType>
<rejectLimit></rejectLimit>
<columnProxies itemClass="oracle.dbtools.crest.model.design.storage.oracle.v12c.ColumnProxyOraclev12c">
<ColumnProxy name="id_sklep" id="18CB8F62-7D8C-1CAD-E1C6-03EEDDF8CE2F">
<createdBy>pawlo</createdBy>
<createdTime>2024-11-18 19:12:53 UTC</createdTime>
<ownerDesignName>basic</ownerDesignName>
</ColumnProxy>
<ColumnProxy name="zamkniecie_w_sobote" id="2A023922-0C25-3668-4574-6DD3F0E679C7">
<createdBy>pawlo</createdBy>
<createdTime>2024-11-18 19:12:53 UTC</createdTime>
<ownerDesignName>basic</ownerDesignName>
</ColumnProxy>
<ColumnProxy name="adres" id="3C081217-EE32-4D9D-F5C6-63A807D14D33">
<createdBy>pawlo</createdBy>
<createdTime>2024-11-18 19:12:53 UTC</createdTime>
<ownerDesignName>basic</ownerDesignName>
</ColumnProxy>
<ColumnProxy name="otwarcie_w_sobote" id="4224D075-1744-0072-E4B6-CCDFFAEB0B06">
<createdBy>pawlo</createdBy>
<createdTime>2024-11-18 19:12:53 UTC</createdTime>
<ownerDesignName>basic</ownerDesignName>
</ColumnProxy>
<ColumnProxy name="otwarcie_w_tyg" id="B586F3CA-2C22-C919-F11B-E7D0E5CE8D70">
<createdBy>pawlo</createdBy>
<createdTime>2024-11-18 19:12:53 UTC</createdTime>
<ownerDesignName>basic</ownerDesignName>
</ColumnProxy>
<ColumnProxy name="zamkniecie_w_tyg" id="BB418975-6B55-071A-9F91-F9B3CF07BDB8">
<createdBy>pawlo</createdBy>
<createdTime>2024-11-18 19:12:53 UTC</createdTime>
<ownerDesignName>basic</ownerDesignName>
</ColumnProxy>
</columnProxies>
<primaryKeys>
<PrimaryKey class="oracle.dbtools.crest.model.design.storage.oracle.v10g.PKProxyOraclev10g" name="sklep_PK" id="6D001AE1-974F-A11D-D7FB-F3F785B6E982">
<createdBy>pawlo</createdBy>
<createdTime>2024-11-18 19:12:53 UTC</createdTime>
<ownerDesignName>basic</ownerDesignName>
<indexSort>SORTED</indexSort>
</PrimaryKey>
</primaryKeys>
</TableProxyOraclev11g>