<?xml version = '1.0' encoding = 'UTF-8'?>
<Diagram class="oracle.dbtools.crest.swingui.relational.DPVRelational" name="Relational_1" id="DD4572A5-E4DD-F0B4-3F25-020E9E6583D4">
<createdBy>pawlo</createdBy>
<modifiedBy>pawlo</modifiedBy>
<createdTime>2024-11-18 19:12:53 UTC</createdTime>
<autoRoute>false</autoRoute>
<boxInbox>true</boxInbox>
<showLegend>false</showLegend>
<showLabels>false</showLabels>
<showRelAttributes>false</showRelAttributes>
<gridEnabled>false</gridEnabled>
<showGrid>false</showGrid>
<diagramColor>-1</diagramColor>
<display>false</display>
<notation>1</notation>
<objectViews>
<OView class="oracle.dbtools.crest.swingui.relational.TVTable" oid="161AC71C-D02E-8BDA-8DE2-33E994AEAAB7" otype="Table" vid="9F7EE56C-0A9F-7B49-0841-1FF40B36C1BB">
<hideElementsInCurrentOnly>false</hideElementsInCurrentOnly>
<bounds x="1382" y="233" width="195" height="122"/>
</OView>
<OView class="oracle.dbtools.crest.swingui.relational.TVTable" oid="4A93B305-8A92-D2F4-21FC-B4043B8286D1" otype="Table" vid="67BFA4AF-C6E2-FD6D-2ED1-E4FDBADB7ED7">
<hideElementsInCurrentOnly>false</hideElementsInCurrentOnly>
<bounds x="183" y="257" width="283" height="136"/>
</OView>
<OView class="oracle.dbtools.crest.swingui.relational.TVTable" oid="617C4236-2E35-626F-AB1E-D59F40B6AC87" otype="Table" vid="9C74BFD9-BEA7-629E-8E06-0D1722F5A070">
<hideElementsInCurrentOnly>false</hideElementsInCurrentOnly>
<bounds x="834" y="417" width="186" height="136"/>
</OView>
<OView class="oracle.dbtools.crest.swingui.relational.TVTable" oid="636FFFF8-8C8E-0FB9-FE6A-60D883BD45EB" otype="Table" vid="E0C66F1D-1C08-10C4-405C-412009CAF322">
<hideElementsInCurrentOnly>false</hideElementsInCurrentOnly>
<bounds x="910" y="211" width="311" height="164"/>
</OView>
<OView class="oracle.dbtools.crest.swingui.relational.TVTable" oid="6A1E2FE9-37D9-CDCD-A0EF-6BE9D589D663" otype="Table" vid="57E86228-221E-243A-E167-A478DA08E934">
<hideElementsInCurrentOnly>false</hideElementsInCurrentOnly>
<bounds x="557" y="258" width="165" height="60"/>
</OView>
<OView class="oracle.dbtools.crest.swingui.relational.TVTable" oid="8B260DE8-4A5C-617A-D44F-034821362DCF" otype="Table" vid="40214F72-8089-D692-D669-7CCDEA90C44D">
<hideElementsInCurrentOnly>false</hideElementsInCurrentOnly>
<bounds x="823" y="598" width="208" height="74"/>
</OView>
<OView class="oracle.dbtools.crest.swingui.relational.TVTable" oid="9DAB0003-484A-13C3-C469-D758F4575C05" otype="Table" vid="C6399B0D-2907-20C7-1B25-5FA3A135F932">
<hideElementsInCurrentOnly>false</hideElementsInCurrentOnly>
<bounds x="1359" y="20" width="239" height="130"/>
</OView>
<OView class="oracle.dbtools.crest.swingui.relational.TVTable" oid="A1406B28-9D91-F4C7-09EB-7D7B2E5EA013" otype="Table" vid="8653E028-75EC-FF76-3D72-1A7F5B0A4886">
<hideElementsInCurrentOnly>false</hideElementsInCurrentOnly>
<bounds x="216" y="568" width="221" height="136"/>
</OView>
<OView class="oracle.dbtools.crest.swingui.relational.TVTable" oid="A40003EA-1AFF-62D0-B90B-6D98BF2D980F" otype="Table" vid="1BF70970-F59F-0E1F-908F-EB3E87FEE827">
<hideElementsInCurrentOnly>false</hideElementsInCurrentOnly>
<bounds x="520" y="414" width="239" height="136"/>
</OView>
<OView class="oracle.dbtools.crest.swingui.relational.TVTable" oid="BF523314-82DA-D85E-A749-016733AD0D59" otype="Table" vid="8C6F65A0-1CB3-B193-F7CA-D3E399CC656C">
<hideElementsInCurrentOnly>false</hideElementsInCurrentOnly>
<bounds x="529" y="20" width="220" height="178"/>
</OView>
<OView class="oracle.dbtools.crest.swingui.relational.TVTable" oid="D1E5D845-5BC2-127F-AFE3-43F8CAF69AF7" otype="Table" vid="4C75061B-DEC3-8F38-D221-745A25139EFD">
<hideElementsInCurrentOnly>false</hideElementsInCurrentOnly>
<bounds x="552" y="580" width="176" height="102"/>
</OView>
</objectViews>
<connectors>
<Connector class="oracle.dbtools.crest.swingui.relational.TVFKRelation" oid="00F4FA6D-8A5D-4415-A862-B9D364CF2475" otype="FKIndexAssociation" vid_source="C6399B0D-2907-20C7-1B25-5FA3A135F932" vid_target="9F7EE56C-0A9F-7B49-0841-1FF40B36C1BB">
<hideElementsInCurrentOnly>false</hideElementsInCurrentOnly>
<backgroundColor>-16777216</backgroundColor>
<lineWidth>1</lineWidth>
<points>
<point x="1479" y="150"/>
<point x="1479" y="233"/>
</points>
</Connector>
<Connector class="oracle.dbtools.crest.swingui.relational.TVFKRelation" oid="02799502-D8BB-6C43-EB82-8B380AAFE85A" otype="FKIndexAssociation" vid_source="9F7EE56C-0A9F-7B49-0841-1FF40B36C1BB" vid_target="E0C66F1D-1C08-10C4-405C-412009CAF322">
<hideElementsInCurrentOnly>false</hideElementsInCurrentOnly>
<backgroundColor>-16777216</backgroundColor>
<lineWidth>1</lineWidth>
<points>
<point x="1382" y="294"/>
<point x="1221" y="294"/>
</points>
</Connector>
<Connector class="oracle.dbtools.crest.swingui.relational.TVFKRelation" oid="064B19BF-13D8-2EA3-75F4-C3A83585BA88" otype="FKIndexAssociation" vid_source="57E86228-221E-243A-E167-A478DA08E934" vid_target="8C6F65A0-1CB3-B193-F7CA-D3E399CC656C">
<hideElementsInCurrentOnly>false</hideElementsInCurrentOnly>
<backgroundColor>-16777216</backgroundColor>
<lineWidth>1</lineWidth>
<points>
<point x="639" y="258"/>
<point x="639" y="198"/>
</points>
</Connector>
<Connector class="oracle.dbtools.crest.swingui.relational.TVFKRelation" oid="14026BA9-B731-A14C-263C-63FF1FE879DC" otype="FKIndexAssociation" vid_source="57E86228-221E-243A-E167-A478DA08E934" vid_target="67BFA4AF-C6E2-FD6D-2ED1-E4FDBADB7ED7">
<hideElementsInCurrentOnly>false</hideElementsInCurrentOnly>
<backgroundColor>-16777216</backgroundColor>
<lineWidth>1</lineWidth>
<points>
<point x="557" y="288"/>
<point x="466" y="288"/>
</points>
</Connector>
<Connector class="oracle.dbtools.crest.swingui.relational.TVFKRelation" oid="51D9FB40-7869-0460-3B0F-AE210A33C5B2" otype="FKIndexAssociation" vid_source="57E86228-221E-243A-E167-A478DA08E934" vid_target="E0C66F1D-1C08-10C4-405C-412009CAF322">
<hideElementsInCurrentOnly>false</hideElementsInCurrentOnly>
<backgroundColor>-16777216</backgroundColor>
<lineWidth>1</lineWidth>
<points>
<point x="722" y="288"/>
<point x="910" y="288"/>
</points>
</Connector>
<Connector class="oracle.dbtools.crest.swingui.relational.TVFKRelation" oid="611EF10B-443B-BA99-1523-4EAF75F8A0DA" otype="FKIndexAssociation" vid_source="4C75061B-DEC3-8F38-D221-745A25139EFD" vid_target="1BF70970-F59F-0E1F-908F-EB3E87FEE827">
<hideElementsInCurrentOnly>false</hideElementsInCurrentOnly>
<backgroundColor>-16777216</backgroundColor>
<lineWidth>1</lineWidth>
<points>
<point x="640" y="580"/>
<point x="640" y="550"/>
</points>
</Connector>
<Connector class="oracle.dbtools.crest.swingui.relational.TVFKRelation" oid="64B6104C-A1FC-1F71-D37C-0ED1AADCA509" otype="FKIndexAssociation" vid_source="C6399B0D-2907-20C7-1B25-5FA3A135F932" vid_target="8C6F65A0-1CB3-B193-F7CA-D3E399CC656C">
<hideElementsInCurrentOnly>false</hideElementsInCurrentOnly>
<backgroundColor>-16777216</backgroundColor>
<lineWidth>1</lineWidth>
<points>
<point x="1359" y="85"/>
<point x="749" y="85"/>
</points>
</Connector>
<Connector class="oracle.dbtools.crest.swingui.relational.TVFKRelation" oid="77B23CDE-A551-3662-8FEC-98E7560249D9" otype="FKIndexAssociation" vid_source="8653E028-75EC-FF76-3D72-1A7F5B0A4886" vid_target="67BFA4AF-C6E2-FD6D-2ED1-E4FDBADB7ED7">
<hideElementsInCurrentOnly>false</hideElementsInCurrentOnly>
<backgroundColor>-16777216</backgroundColor>
<lineWidth>1</lineWidth>
<points>
<point x="326" y="568"/>
<point x="326" y="393"/>
</points>
</Connector>
<Connector class="oracle.dbtools.crest.swingui.relational.TVFKRelation" oid="84180055-87AE-4FD9-A359-12930352678B" otype="FKIndexAssociation" vid_source="4C75061B-DEC3-8F38-D221-745A25139EFD" vid_target="8653E028-75EC-FF76-3D72-1A7F5B0A4886">
<hideElementsInCurrentOnly>false</hideElementsInCurrentOnly>
<backgroundColor>-16777216</backgroundColor>
<lineWidth>1</lineWidth>
<points>
<point x="552" y="631"/>
<point x="437" y="631"/>
</points>
</Connector>
<Connector class="oracle.dbtools.crest.swingui.relational.TVFKRelation" oid="9B518AB4-1F23-2D72-6C06-4557280DD4A4" otype="FKIndexAssociation" vid_source="40214F72-8089-D692-D669-7CCDEA90C44D" vid_target="9C74BFD9-BEA7-629E-8E06-0D1722F5A070">
<hideElementsInCurrentOnly>false</hideElementsInCurrentOnly>
<backgroundColor>-16777216</backgroundColor>
<lineWidth>1</lineWidth>
<points>
<point x="927" y="598"/>
<point x="927" y="553"/>
</points>
</Connector>
<Connector class="oracle.dbtools.crest.swingui.relational.TVFKRelation" oid="B952DB6C-C356-1EF5-AD38-8C88079D0656" otype="FKIndexAssociation" vid_source="57E86228-221E-243A-E167-A478DA08E934" vid_target="9C74BFD9-BEA7-629E-8E06-0D1722F5A070">
<hideElementsInCurrentOnly>false</hideElementsInCurrentOnly>
<backgroundColor>-16777216</backgroundColor>
<lineWidth>1</lineWidth>
<points>
<point x="683" y="318"/>
<point x="834" y="421"/>
</points>
</Connector>
<Connector class="oracle.dbtools.crest.swingui.relational.TVFKRelation" oid="E7DAA290-A5C0-B96F-7450-5B08CA169C0E" otype="FKIndexAssociation" vid_source="57E86228-221E-243A-E167-A478DA08E934" vid_target="1BF70970-F59F-0E1F-908F-EB3E87FEE827">
<hideElementsInCurrentOnly>false</hideElementsInCurrentOnly>
<backgroundColor>-16777216</backgroundColor>
<lineWidth>1</lineWidth>
<points>
<point x="639" y="318"/>
<point x="639" y="414"/>
</points>
</Connector>
</connectors>
</Diagram>