<?xml version = '1.0' encoding = 'UTF-8'?>
<relationalModel class="oracle.dbtools.crest.model.design.relational.RelationalDesign" name="Relational_1" id="DD6DF46A-DAF4-DBBD-A288-7750C7FA9EAB" mainViewID="DD4572A5-E4DD-F0B4-3F25-020E9E6583D4">
<createdBy>pawlo</createdBy>
<createdTime>2024-11-18 19:12:45 UTC</createdTime>
<ownerDesignName>basic</ownerDesignName>
<shouldBeOpen>false</shouldBeOpen>
<selectedRDBMSSite>32076570-2523-435C-2E92-BF29817DFF70</selectedRDBMSSite>
<importDDLFileStamps>
<importDDLFileStamp class="oracle.dbtools.crest.imports.DDLFileStamp">
<fileName>basic1.sql</fileName>
<pathName>C:\Users\pawlo\Desktop</pathName>
<dbType>9</dbType>
</importDDLFileStamp>
</importDDLFileStamps>
</relationalModel>