<?xml version = '1.0' encoding = 'UTF-8'?>
<Relation class="oracle.dbtools.crest.model.design.logical.Relation" name="Relation_24" directorySegmentName="seg_0" id="011C9768-5590-9A5C-9FF3-C6521FD18654">
<createdBy>pawlo</createdBy>
<createdTime>2024-11-12 20:38:24 UTC</createdTime>
<ownerDesignName>basic</ownerDesignName>
<engineerTo>
<item key="2FA2552F-0C8A-803A-0959-77A1AFAB2C58" value="true"/>
</engineerTo>
<identifying>false</identifying>
<nameOnSource>posiada w asortymencie</nameOnSource>
<nameOnTarget>jest w asortymencie</nameOnTarget>
<optionalSource>true</optionalSource>
<optionalTarget>true</optionalTarget>
<sourceCardinality>*</sourceCardinality>
<sourceEntity>1B9B73F4-52A1-2E35-BE7C-4EDFC1BF2E47</sourceEntity>
<targetCardinalityString>*</targetCardinalityString>
<targetEntity>04B16407-6BB8-D4AF-4DAC-E46D96F56AC5</targetEntity>
<transferable>true</transferable>
<deleteRule>NO ACTION</deleteRule>
</Relation>