<?xml version = '1.0' encoding = 'UTF-8'?>
<Relation class="oracle.dbtools.crest.model.design.logical.Relation" name="Relation_19" directorySegmentName="seg_0" id="03B2EC5F-9569-390A-3FF7-D31546EC0E76">
<createdBy>pawlo</createdBy>
<createdTime>2024-11-05 10:12:24 UTC</createdTime>
<ownerDesignName>basic</ownerDesignName>
<engineerTo>
<item key="2FA2552F-0C8A-803A-0959-77A1AFAB2C58" value="true"/>
</engineerTo>
<sourcePk>2CF6D2E3-B6B5-FF85-DEBC-1100C583BD58</sourcePk>
<identifying>true</identifying>
<nameOnSource>składa się z</nameOnSource>
<nameOnTarget>zawiera się w</nameOnTarget>
<optionalSource>false</optionalSource>
<optionalTarget>false</optionalTarget>
<sourceCardinality>1</sourceCardinality>
<sourceEntity>5D23FE11-EFF3-757B-B969-6B2F5F9DCAE6</sourceEntity>
<targetCardinalityString>*</targetCardinalityString>
<targetEntity>D5B20E5C-8EDA-6ECE-21B5-6B226E6C5F27</targetEntity>
<transferable>true</transferable>
<deleteRule>NO ACTION</deleteRule>
</Relation>