<?xml version = '1.0' encoding = 'UTF-8'?>
<Relation class="oracle.dbtools.crest.model.design.logical.Relation" name="Relation_30" directorySegmentName="seg_0" id="59A6BAA6-1FBC-6071-6807-5382960AE475">
<createdBy>pawlo</createdBy>
<createdTime>2024-11-05 18:46:15 UTC</createdTime>
<ownerDesignName>basic</ownerDesignName>
<engineerTo>
<item key="2FA2552F-0C8A-803A-0959-77A1AFAB2C58" value="true"/>
</engineerTo>
<identifying>true</identifying>
<nameOnSource>zawiera</nameOnSource>
<nameOnTarget>znajduje się w</nameOnTarget>
<optionalSource>true</optionalSource>
<optionalTarget>false</optionalTarget>
<sourceCardinality>1</sourceCardinality>
<sourceEntity>3D4C83A4-6712-EA56-8B71-340868D4FC98</sourceEntity>
<targetCardinalityString>*</targetCardinalityString>
<targetEntity>AC50443E-7D32-31B7-17E5-8CD5A0B4ADA6</targetEntity>
<transferable>true</transferable>
<deleteRule>NO ACTION</deleteRule>
</Relation>