<?xml version = '1.0' encoding = 'UTF-8'?>
<Relation class="oracle.dbtools.crest.model.design.logical.Relation" name="Relation_24" directorySegmentName="seg_0" id="68FB8747-E4C9-2594-D6BB-B7B97928B847">
<createdBy>pawlo</createdBy>
<createdTime>2024-11-05 10:16:57 UTC</createdTime>
<ownerDesignName>basic</ownerDesignName>
<engineerTo>
<item key="2FA2552F-0C8A-803A-0959-77A1AFAB2C58" value="true"/>
</engineerTo>
<sourcePk>09F03DB1-B400-BFBA-5F83-B89FB1C3E695</sourcePk>
<identifying>false</identifying>
<nameOnSource>obowiązują w</nameOnSource>
<nameOnTarget>posiada</nameOnTarget>
<optionalSource>true</optionalSource>
<optionalTarget>false</optionalTarget>
<sourceCardinality>1</sourceCardinality>
<sourceEntity>105BCC75-81A0-A798-121C-967D6B8668FD</sourceEntity>
<targetCardinalityString>*</targetCardinalityString>
<targetEntity>1B9B73F4-52A1-2E35-BE7C-4EDFC1BF2E47</targetEntity>
<transferable>true</transferable>
<deleteRule>NO ACTION</deleteRule>
</Relation>