<?xml version = '1.0' encoding = 'UTF-8'?>
<Relation class="oracle.dbtools.crest.model.design.logical.Relation" name="Relation_28" directorySegmentName="seg_0" id="6C5C63A1-03A3-7612-7C1F-67700B6A8EB5">
<createdBy>pawlo</createdBy>
<createdTime>2024-11-05 10:36:41 UTC</createdTime>
<ownerDesignName>basic</ownerDesignName>
<engineerTo>
<item key="2FA2552F-0C8A-803A-0959-77A1AFAB2C58" value="true"/>
</engineerTo>
<sourcePk>4DECD8B1-658E-92E8-A431-E1C7169DBDB2</sourcePk>
<identifying>true</identifying>
<nameOnSource>składa się z</nameOnSource>
<nameOnTarget>zawiera się w</nameOnTarget>
<optionalSource>false</optionalSource>
<optionalTarget>false</optionalTarget>
<sourceCardinality>1</sourceCardinality>
<sourceEntity>E624EA80-F5E8-504A-2632-A3644DBB691D</sourceEntity>
<targetCardinalityString>*</targetCardinalityString>
<targetEntity>683740A1-F08F-045D-74CA-B4F15274A470</targetEntity>
<transferable>true</transferable>
<deleteRule>NO ACTION</deleteRule>
</Relation>