<?xml version = '1.0' encoding = 'UTF-8'?>
<Relation class="oracle.dbtools.crest.model.design.logical.Relation" name="Relation_20" directorySegmentName="seg_0" id="6CB9DB8A-89E6-D3A2-7D05-F93D4A50DD06">
<createdBy>pawlo</createdBy>
<createdTime>2024-11-05 10:12:43 UTC</createdTime>
<ownerDesignName>basic</ownerDesignName>
<engineerTo>
<item key="2FA2552F-0C8A-803A-0959-77A1AFAB2C58" value="true"/>
</engineerTo>
<sourcePk>32BC18E8-4F37-12A2-1C67-92B19258612D</sourcePk>
<identifying>true</identifying>
<nameOnSource>może być</nameOnSource>
<nameOnTarget>jest</nameOnTarget>
<optionalSource>true</optionalSource>
<optionalTarget>false</optionalTarget>
<sourceCardinality>1</sourceCardinality>
<sourceEntity>04B16407-6BB8-D4AF-4DAC-E46D96F56AC5</sourceEntity>
<targetCardinalityString>*</targetCardinalityString>
<targetEntity>D5B20E5C-8EDA-6ECE-21B5-6B226E6C5F27</targetEntity>
<transferable>true</transferable>
<deleteRule>NO ACTION</deleteRule>
</Relation>