<?xml version = '1.0' encoding = 'UTF-8'?>
<Relation class="oracle.dbtools.crest.model.design.logical.Relation" name="Relation_11" directorySegmentName="seg_0" id="A97F8ECD-32AF-6167-3266-989DDCE18723">
<createdBy>pawlo</createdBy>
<createdTime>2024-11-05 09:57:56 UTC</createdTime>
<ownerDesignName>basic</ownerDesignName>
<engineerTo>
<item key="2FA2552F-0C8A-803A-0959-77A1AFAB2C58" value="true"/>
</engineerTo>
<sourcePk>06BADFAC-B245-E44C-26E1-94B6904C705C</sourcePk>
<identifying>true</identifying>
<nameOnSource>posiada</nameOnSource>
<nameOnTarget>znaje się w </nameOnTarget>
<optionalSource>true</optionalSource>
<optionalTarget>false</optionalTarget>
<sourceCardinality>1</sourceCardinality>
<sourceEntity>1B9B73F4-52A1-2E35-BE7C-4EDFC1BF2E47</sourceEntity>
<targetCardinalityString>*</targetCardinalityString>
<targetEntity>AC50443E-7D32-31B7-17E5-8CD5A0B4ADA6</targetEntity>
<transferable>true</transferable>
<deleteRule>NO ACTION</deleteRule>
</Relation>