<?xml version = '1.0' encoding = 'UTF-8'?>
<Relation class="oracle.dbtools.crest.model.design.logical.Relation" name="Relation_21" directorySegmentName="seg_0" id="ACB75DDC-5549-119F-998E-B2B35D13A179">
<createdBy>pawlo</createdBy>
<createdTime>2024-11-05 10:14:30 UTC</createdTime>
<ownerDesignName>basic</ownerDesignName>
<engineerTo>
<item key="2FA2552F-0C8A-803A-0959-77A1AFAB2C58" value="true"/>
</engineerTo>
<sourcePk>06BADFAC-B245-E44C-26E1-94B6904C705C</sourcePk>
<identifying>true</identifying>
<nameOnSource>posiada</nameOnSource>
<nameOnTarget>obowiązuje w</nameOnTarget>
<optionalSource>true</optionalSource>
<optionalTarget>false</optionalTarget>
<sourceCardinality>1</sourceCardinality>
<sourceEntity>1B9B73F4-52A1-2E35-BE7C-4EDFC1BF2E47</sourceEntity>
<targetCardinalityString>*</targetCardinalityString>
<targetEntity>76DF4D17-9AA2-BBA0-C078-D864226FE793</targetEntity>
<transferable>true</transferable>
<deleteRule>NO ACTION</deleteRule>
</Relation>