<?xml version = '1.0' encoding = 'UTF-8'?>
<Relation class="oracle.dbtools.crest.model.design.logical.Relation" name="Relation_27" directorySegmentName="seg_0" id="B1A86068-E128-FDB3-0F58-D2B7626D6A56">
<createdBy>pawlo</createdBy>
<createdTime>2024-11-05 10:34:53 UTC</createdTime>
<ownerDesignName>basic</ownerDesignName>
<engineerTo>
<item key="2FA2552F-0C8A-803A-0959-77A1AFAB2C58" value="true"/>
</engineerTo>
<sourcePk>FA029C52-D175-6B0D-EF3D-BD8CD42E1C5B</sourcePk>
<identifying>true</identifying>
<nameOnSource>zamawia</nameOnSource>
<nameOnTarget>jest zamawiany</nameOnTarget>
<optionalSource>true</optionalSource>
<optionalTarget>false</optionalTarget>
<sourceCardinality>1</sourceCardinality>
<sourceEntity>4F802BF8-AD9A-0204-DCE2-30778F775AA0</sourceEntity>
<targetCardinalityString>*</targetCardinalityString>
<targetEntity>683740A1-F08F-045D-74CA-B4F15274A470</targetEntity>
<transferable>true</transferable>
<deleteRule>NO ACTION</deleteRule>
</Relation>