<?xml version = '1.0' encoding = 'UTF-8'?>
<Relation class="oracle.dbtools.crest.model.design.logical.Relation" name="Relation_17" directorySegmentName="seg_0" id="C3E7EC1E-D365-BBBA-EB25-9BC330BDE021">
<createdBy>pawlo</createdBy>
<createdTime>2024-11-05 10:09:18 UTC</createdTime>
<ownerDesignName>basic</ownerDesignName>
<engineerTo>
<item key="2FA2552F-0C8A-803A-0959-77A1AFAB2C58" value="true"/>
</engineerTo>
<sourcePk>FA029C52-D175-6B0D-EF3D-BD8CD42E1C5B</sourcePk>
<identifying>false</identifying>
<nameOnSource>składa</nameOnSource>
<nameOnTarget>jest składane</nameOnTarget>
<optionalSource>true</optionalSource>
<optionalTarget>false</optionalTarget>
<sourceCardinality>1</sourceCardinality>
<sourceEntity>4F802BF8-AD9A-0204-DCE2-30778F775AA0</sourceEntity>
<targetCardinalityString>*</targetCardinalityString>
<targetEntity>E624EA80-F5E8-504A-2632-A3644DBB691D</targetEntity>
<transferable>true</transferable>
<deleteRule>NO ACTION</deleteRule>
</Relation>