<?xml version = '1.0' encoding = 'UTF-8'?>
<Relation class="oracle.dbtools.crest.model.design.logical.Relation" name="Relation_22" directorySegmentName="seg_0" id="C6CCFCF1-D203-C014-4A8A-FFDEC8CACC18">
<createdBy>pawlo</createdBy>
<createdTime>2024-11-05 10:14:44 UTC</createdTime>
<ownerDesignName>basic</ownerDesignName>
<engineerTo>
<item key="2FA2552F-0C8A-803A-0959-77A1AFAB2C58" value="true"/>
</engineerTo>
<sourcePk>32BC18E8-4F37-12A2-1C67-92B19258612D</sourcePk>
<identifying>true</identifying>
<nameOnSource>jest obięty</nameOnSource>
<nameOnTarget>obejmuje</nameOnTarget>
<optionalSource>true</optionalSource>
<optionalTarget>false</optionalTarget>
<sourceCardinality>1</sourceCardinality>
<sourceEntity>04B16407-6BB8-D4AF-4DAC-E46D96F56AC5</sourceEntity>
<targetCardinalityString>*</targetCardinalityString>
<targetEntity>76DF4D17-9AA2-BBA0-C078-D864226FE793</targetEntity>
<transferable>true</transferable>
<deleteRule>NO ACTION</deleteRule>
</Relation>