<?xml version = '1.0' encoding = 'UTF-8'?>
<Relation class="oracle.dbtools.crest.model.design.logical.Relation" name="Relation_10" directorySegmentName="seg_0" id="DB8738E3-CCE2-475F-24D1-5434FEC9433C">
<createdBy>pawlo</createdBy>
<createdTime>2024-11-05 09:56:33 UTC</createdTime>
<ownerDesignName>basic</ownerDesignName>
<engineerTo>
<item key="2FA2552F-0C8A-803A-0959-77A1AFAB2C58" value="true"/>
</engineerTo>
<sourcePk>06BADFAC-B245-E44C-26E1-94B6904C705C</sourcePk>
<identifying>true</identifying>
<nameOnSource>posiada</nameOnSource>
<nameOnTarget>znajduje się w</nameOnTarget>
<optionalSource>false</optionalSource>
<optionalTarget>false</optionalTarget>
<sourceCardinality>1</sourceCardinality>
<sourceEntity>1B9B73F4-52A1-2E35-BE7C-4EDFC1BF2E47</sourceEntity>
<targetCardinalityString>*</targetCardinalityString>
<targetEntity>3D4C83A4-6712-EA56-8B71-340868D4FC98</targetEntity>
<transferable>true</transferable>
<deleteRule>NO ACTION</deleteRule>
</Relation>