<?xml version = '1.0' encoding = 'UTF-8'?>
<Relation class="oracle.dbtools.crest.model.design.logical.Relation" name="Relation_26" directorySegmentName="seg_0" id="F9EFEC0F-F0A9-190D-DA44-6064A94B85A9">
<createdBy>pawlo</createdBy>
<createdTime>2024-11-05 10:28:45 UTC</createdTime>
<ownerDesignName>basic</ownerDesignName>
<engineerTo>
<item key="2FA2552F-0C8A-803A-0959-77A1AFAB2C58" value="true"/>
</engineerTo>
<sourcePk>32BC18E8-4F37-12A2-1C67-92B19258612D</sourcePk>
<identifying>true</identifying>
<nameOnSource>może być</nameOnSource>
<nameOnTarget>jest</nameOnTarget>
<optionalSource>true</optionalSource>
<optionalTarget>false</optionalTarget>
<sourceCardinality>1</sourceCardinality>
<sourceEntity>04B16407-6BB8-D4AF-4DAC-E46D96F56AC5</sourceEntity>
<targetCardinalityString>*</targetCardinalityString>
<targetEntity>7A1245C0-06FC-2E38-4207-57C01D4A6080</targetEntity>
<transferable>true</transferable>
<deleteRule>NO ACTION</deleteRule>
</Relation>