<?xml version = '1.0' encoding = 'UTF-8'?>
<Relation class="oracle.dbtools.crest.model.design.logical.Relation" name="Relation_25" directorySegmentName="seg_0" id="FC8C4EE5-05B1-A6D9-14A6-92FAD7F7949B">
<createdBy>pawlo</createdBy>
<createdTime>2024-11-05 10:28:27 UTC</createdTime>
<ownerDesignName>basic</ownerDesignName>
<engineerTo>
<item key="2FA2552F-0C8A-803A-0959-77A1AFAB2C58" value="true"/>
</engineerTo>
<sourcePk>FA029C52-D175-6B0D-EF3D-BD8CD42E1C5B</sourcePk>
<identifying>true</identifying>
<nameOnSource>posiada</nameOnSource>
<nameOnTarget>jest w posiadaniu</nameOnTarget>
<optionalSource>true</optionalSource>
<optionalTarget>false</optionalTarget>
<sourceCardinality>1</sourceCardinality>
<sourceEntity>4F802BF8-AD9A-0204-DCE2-30778F775AA0</sourceEntity>
<targetCardinalityString>*</targetCardinalityString>
<targetEntity>7A1245C0-06FC-2E38-4207-57C01D4A6080</targetEntity>
<transferable>true</transferable>
<deleteRule>NO ACTION</deleteRule>
</Relation>