<?xml version = '1.0' encoding = 'UTF-8'?>
<Table class="oracle.dbtools.crest.model.design.relational.Table" directorySegmentName="seg_0" id="161AC71C-D02E-8BDA-8DE2-33E994AEAAB7" name="alejka">
<sourceDDLFile>basic1.sql</sourceDDLFile>
<createdBy>pawlo</createdBy>
<createdTime>2024-11-18 19:12:53 UTC</createdTime>
<ownerDesignName>basic</ownerDesignName>
<importedID>40C2C2A1-5F55-7183-D072-BB7B816545CE</importedID>
<allowColumnReorder>false</allowColumnReorder>
<existDependencyGenerateInDDl>true</existDependencyGenerateInDDl>
<parsed>true</parsed>
<columns itemClass="oracle.dbtools.crest.model.design.relational.Column">
<Column name="id_alejka" id="3B7BD835-744E-94EF-F924-0765404F4226">
<sourceDDLFile>basic1.sql</sourceDDLFile>
<createdBy>pawlo</createdBy>
<createdTime>2024-11-18 19:12:53 UTC</createdTime>
<ownerDesignName>basic</ownerDesignName>
<importedID>C2E46F76-7F95-BE83-DE08-11F7A5A3150E</importedID>
<use>0</use>
<logicalDatatype>LOGDT019</logicalDatatype>
<domain>BBEA72C3-9F4D-714E-B43A-85445762B4CD</domain>
<ownDataTypeParameters>,,</ownDataTypeParameters>
<autoIncrementCycle>false</autoIncrementCycle>
</Column>
<Column name="nr_w_sklepie" id="78B498D7-FBCA-36B6-8CFB-16FE2B1C2E7F">
<sourceDDLFile>basic1.sql</sourceDDLFile>
<createdBy>pawlo</createdBy>
<createdTime>2024-11-18 19:12:53 UTC</createdTime>
<ownerDesignName>basic</ownerDesignName>
<importedID>BC608842-9DCE-A753-0E45-8E9328DEE777</importedID>
<nullsAllowed>true</nullsAllowed>
<use>0</use>
<logicalDatatype>LOGDT019</logicalDatatype>
<domain>BBEA72C3-9F4D-714E-B43A-85445762B4CD</domain>
<ownDataTypeParameters>,,</ownDataTypeParameters>
<autoIncrementCycle>false</autoIncrementCycle>
</Column>
<Column name="nazwa" id="D015D888-4333-A61A-1C71-14FC3BF88C62">
<sourceDDLFile>basic1.sql</sourceDDLFile>
<createdBy>pawlo</createdBy>
<createdTime>2024-11-18 19:12:53 UTC</createdTime>
<ownerDesignName>basic</ownerDesignName>
<importedID>E62356B4-E481-1254-6667-5267C52348C7</importedID>
<nullsAllowed>true</nullsAllowed>
<use>0</use>
<logicalDatatype>LOGDT024</logicalDatatype>
<domain>1176A4A5-C780-EBE1-A63B-4D3AEF43624F</domain>
<ownDataTypeParameters>,,</ownDataTypeParameters>
<autoIncrementCycle>false</autoIncrementCycle>
</Column>
<Column name="fk_id_sklep" id="ECC2CC12-5B48-9631-0654-63D9021C1368">
<sourceDDLFile>basic1.sql</sourceDDLFile>
<createdBy>pawlo</createdBy>
<createdTime>2024-11-18 19:12:53 UTC</createdTime>
<ownerDesignName>basic</ownerDesignName>
<importedID>CF2F72B6-676D-386A-7EC2-9443FDF887B0</importedID>
<use>0</use>
<logicalDatatype>LOGDT019</logicalDatatype>
<domain>BBEA72C3-9F4D-714E-B43A-85445762B4CD</domain>
<ownDataTypeParameters>,,</ownDataTypeParameters>
<autoIncrementCycle>false</autoIncrementCycle>
<associations>
<colAssociation fkAssociation="00F4FA6D-8A5D-4415-A862-B9D364CF2475" referredColumn="18CB8F62-7D8C-1CAD-E1C6-03EEDDF8CE2F"/>
</associations>
</Column>
</columns>
<indexes itemClass="oracle.dbtools.crest.model.design.relational.Index">
<ind_PK_UK id="0D913837-05EF-1B93-7FB5-D7FE38090F78" name="alejka_PK">
<sourceDDLFile>basic1.sql</sourceDDLFile>
<createdBy>pawlo</createdBy>
<createdTime>2024-11-18 19:12:53 UTC</createdTime>
<ownerDesignName>basic</ownerDesignName>
<importedID>7AB9F3E2-916A-8F70-4D87-02DB70F89C99</importedID>
<pk>true</pk>
<indexState>Primary Constraint</indexState>
<isSurrogateKey>false</isSurrogateKey>
<indexColumnUsage>
<colUsage columnID="3B7BD835-744E-94EF-F924-0765404F4226"/>
</indexColumnUsage>
</ind_PK_UK>
<ind_PK_UK id="8E34B8F4-1F4F-5EFD-46EE-AD8826D121E5" name="fk_alejka_sklep">
<createdBy>pawlo</createdBy>
<createdTime>2024-11-18 19:12:53 UTC</createdTime>
<ownerDesignName>basic</ownerDesignName>
<indexState>Foreign Key</indexState>
<isSurrogateKey>false</isSurrogateKey>
<indexColumnUsage>
<colUsage columnID="ECC2CC12-5B48-9631-0654-63D9021C1368"/>
</indexColumnUsage>
</ind_PK_UK>
</indexes>
</Table>