<?xml version = '1.0' encoding = 'UTF-8'?>
<Table class="oracle.dbtools.crest.model.design.relational.Table" directorySegmentName="seg_0" id="4A93B305-8A92-D2F4-21FC-B4043B8286D1" name="element_zamowienia">
<sourceDDLFile>basic1.sql</sourceDDLFile>
<createdBy>pawlo</createdBy>
<createdTime>2024-11-18 19:12:53 UTC</createdTime>
<ownerDesignName>basic</ownerDesignName>
<importedID>9DE27408-E32A-F053-321E-614FE4FC2326</importedID>
<allowColumnReorder>false</allowColumnReorder>
<existDependencyGenerateInDDl>true</existDependencyGenerateInDDl>
<parsed>true</parsed>
<columns itemClass="oracle.dbtools.crest.model.design.relational.Column">
<Column name="id_element_zamowienia" id="1C3A5B78-5EFD-EC00-6501-55BDF0781537">
<sourceDDLFile>basic1.sql</sourceDDLFile>
<createdBy>pawlo</createdBy>
<createdTime>2024-11-18 19:12:53 UTC</createdTime>
<ownerDesignName>basic</ownerDesignName>
<importedID>698822F9-5DF6-8A83-FB1E-ED651888351D</importedID>
<use>0</use>
<logicalDatatype>LOGDT019</logicalDatatype>
<domain>BBEA72C3-9F4D-714E-B43A-85445762B4CD</domain>
<ownDataTypeParameters>,,</ownDataTypeParameters>
<autoIncrementCycle>false</autoIncrementCycle>
</Column>
<Column name="ilosc" id="096ECF9E-B4F1-0717-D6E1-DDCF60ECED58">
<sourceDDLFile>basic1.sql</sourceDDLFile>
<createdBy>pawlo</createdBy>
<createdTime>2024-11-18 19:12:53 UTC</createdTime>
<ownerDesignName>basic</ownerDesignName>
<importedID>B83A59EF-7101-3294-DA2A-37AECAC56DCC</importedID>
<use>0</use>
<logicalDatatype>LOGDT019</logicalDatatype>
<domain>BBEA72C3-9F4D-714E-B43A-85445762B4CD</domain>
<ownDataTypeParameters>,,</ownDataTypeParameters>
<autoIncrementCycle>false</autoIncrementCycle>
</Column>
<Column name="fk_id_zamowienie" id="A2DBA058-DD1F-0F6E-370B-75F9A58ABF80">
<sourceDDLFile>basic1.sql</sourceDDLFile>
<createdBy>pawlo</createdBy>
<createdTime>2024-11-18 19:12:53 UTC</createdTime>
<ownerDesignName>basic</ownerDesignName>
<importedID>060C44C9-19F7-2101-D1A6-4D35BF45C927</importedID>
<use>0</use>
<logicalDatatype>LOGDT019</logicalDatatype>
<domain>BBEA72C3-9F4D-714E-B43A-85445762B4CD</domain>
<ownDataTypeParameters>,,</ownDataTypeParameters>
<autoIncrementCycle>false</autoIncrementCycle>
<associations>
<colAssociation fkAssociation="77B23CDE-A551-3662-8FEC-98E7560249D9" referredColumn="DDACC7B9-15D0-74B9-BE82-49BC1C07C8AF"/>
</associations>
</Column>
<Column name="fk_produkt" id="C758C47A-602A-C56A-EF2B-32C111C318E3">
<sourceDDLFile>basic1.sql</sourceDDLFile>
<createdBy>pawlo</createdBy>
<createdTime>2024-11-18 19:12:53 UTC</createdTime>
<ownerDesignName>basic</ownerDesignName>
<importedID>4C0A9DBF-343E-FBF3-AA9A-DC4C77F43BE9</importedID>
<use>0</use>
<logicalDatatype>LOGDT024</logicalDatatype>
<domain>1176A4A5-C780-EBE1-A63B-4D3AEF43624F</domain>
<ownDataTypeParameters>,,</ownDataTypeParameters>
<autoIncrementCycle>false</autoIncrementCycle>
<associations>
<colAssociation fkAssociation="14026BA9-B731-A14C-263C-63FF1FE879DC" referredColumn="0CE98102-6BFB-79F8-5431-A18E550CC212"/>
</associations>
</Column>
</columns>
<indexes itemClass="oracle.dbtools.crest.model.design.relational.Index">
<ind_PK_UK id="6072786C-1013-B862-F72E-31D1E191B136" name="element_zamowienia_PK">
<sourceDDLFile>basic1.sql</sourceDDLFile>
<createdBy>pawlo</createdBy>
<createdTime>2024-11-18 19:12:53 UTC</createdTime>
<ownerDesignName>basic</ownerDesignName>
<importedID>46693FDF-7B47-92C9-D690-E998447F0B79</importedID>
<pk>true</pk>
<indexState>Primary Constraint</indexState>
<isSurrogateKey>false</isSurrogateKey>
<indexColumnUsage>
<colUsage columnID="1C3A5B78-5EFD-EC00-6501-55BDF0781537"/>
</indexColumnUsage>
</ind_PK_UK>
<ind_PK_UK id="8CE17904-5FDB-211C-FFBB-F0B5395D05E1" name="fk_elem_zamow_produkt">
<createdBy>pawlo</createdBy>
<createdTime>2024-11-18 19:12:53 UTC</createdTime>
<ownerDesignName>basic</ownerDesignName>
<indexState>Foreign Key</indexState>
<isSurrogateKey>false</isSurrogateKey>
<indexColumnUsage>
<colUsage columnID="C758C47A-602A-C56A-EF2B-32C111C318E3"/>
</indexColumnUsage>
</ind_PK_UK>
<ind_PK_UK id="D4055897-5331-5CFA-8A90-F03CE2F0A8BA" name="fk_elem_zamow_zamow">
<createdBy>pawlo</createdBy>
<createdTime>2024-11-18 19:12:53 UTC</createdTime>
<ownerDesignName>basic</ownerDesignName>
<indexState>Foreign Key</indexState>
<isSurrogateKey>false</isSurrogateKey>
<indexColumnUsage>
<colUsage columnID="A2DBA058-DD1F-0F6E-370B-75F9A58ABF80"/>
</indexColumnUsage>
</ind_PK_UK>
</indexes>
</Table>