<?xml version = '1.0' encoding = 'UTF-8'?>
<Table class="oracle.dbtools.crest.model.design.relational.Table" directorySegmentName="seg_0" id="617C4236-2E35-626F-AB1E-D59F40B6AC87" name="skladnik">
<sourceDDLFile>basic1.sql</sourceDDLFile>
<createdBy>pawlo</createdBy>
<createdTime>2024-11-18 19:12:53 UTC</createdTime>
<ownerDesignName>basic</ownerDesignName>
<importedID>53D47F8B-713F-C12C-9931-45A0F245CA05</importedID>
<allowColumnReorder>false</allowColumnReorder>
<existDependencyGenerateInDDl>true</existDependencyGenerateInDDl>
<parsed>true</parsed>
<columns itemClass="oracle.dbtools.crest.model.design.relational.Column">
<Column name="id_skladnik" id="9DD3977E-54D8-1BB9-6DF5-E06C3630F82B">
<sourceDDLFile>basic1.sql</sourceDDLFile>
<createdBy>pawlo</createdBy>
<createdTime>2024-11-18 19:12:53 UTC</createdTime>
<ownerDesignName>basic</ownerDesignName>
<importedID>AA48AEBD-9FE3-3177-E16E-69CF4E47AAF0</importedID>
<use>0</use>
<logicalDatatype>LOGDT019</logicalDatatype>
<domain>BBEA72C3-9F4D-714E-B43A-85445762B4CD</domain>
<ownDataTypeParameters>,,</ownDataTypeParameters>
<autoIncrementCycle>false</autoIncrementCycle>
</Column>
<Column name="ilosc" id="86474D22-6423-0B0B-935E-EB1090C4B3F1">
<sourceDDLFile>basic1.sql</sourceDDLFile>
<createdBy>pawlo</createdBy>
<createdTime>2024-11-18 19:12:53 UTC</createdTime>
<ownerDesignName>basic</ownerDesignName>
<importedID>4890042B-B4C1-8CA9-D7B1-26F63310B2EE</importedID>
<use>0</use>
<logicalDatatype>LOGDT019</logicalDatatype>
<domain>BBEA72C3-9F4D-714E-B43A-85445762B4CD</domain>
<ownDataTypeParameters>,,</ownDataTypeParameters>
<autoIncrementCycle>false</autoIncrementCycle>
</Column>
<Column name="fk_produkt" id="2782CD3D-A4CD-D788-3D23-ED9DF8183A2C">
<sourceDDLFile>basic1.sql</sourceDDLFile>
<createdBy>pawlo</createdBy>
<createdTime>2024-11-18 19:12:53 UTC</createdTime>
<ownerDesignName>basic</ownerDesignName>
<importedID>8778C66F-9820-57F5-7B9D-F385BEF00891</importedID>
<use>0</use>
<logicalDatatype>LOGDT024</logicalDatatype>
<domain>1176A4A5-C780-EBE1-A63B-4D3AEF43624F</domain>
<ownDataTypeParameters>,,</ownDataTypeParameters>
<autoIncrementCycle>false</autoIncrementCycle>
<associations>
<colAssociation fkAssociation="B952DB6C-C356-1EF5-AD38-8C88079D0656" referredColumn="0CE98102-6BFB-79F8-5431-A18E550CC212"/>
</associations>
</Column>
<Column name="fk_danie" id="0EDD5796-604F-B7E5-5644-4ACF6673D327">
<sourceDDLFile>basic1.sql</sourceDDLFile>
<createdBy>pawlo</createdBy>
<createdTime>2024-11-18 19:12:53 UTC</createdTime>
<ownerDesignName>basic</ownerDesignName>
<importedID>8C458DF7-1237-CCFC-D06F-FD6E3DAC4AC0</importedID>
<use>0</use>
<logicalDatatype>LOGDT024</logicalDatatype>
<domain>1176A4A5-C780-EBE1-A63B-4D3AEF43624F</domain>
<ownDataTypeParameters>,,</ownDataTypeParameters>
<autoIncrementCycle>false</autoIncrementCycle>
<associations>
<colAssociation fkAssociation="9B518AB4-1F23-2D72-6C06-4557280DD4A4" referredColumn="4A4F6F12-7CDE-46D1-B5F7-BE8C106194B7"/>
</associations>
</Column>
</columns>
<indexes itemClass="oracle.dbtools.crest.model.design.relational.Index">
<ind_PK_UK id="019308AF-4032-8CCB-A3ED-1E2C159A868A" name="skladnik_PK">
<sourceDDLFile>basic1.sql</sourceDDLFile>
<createdBy>pawlo</createdBy>
<createdTime>2024-11-18 19:12:53 UTC</createdTime>
<ownerDesignName>basic</ownerDesignName>
<importedID>6548D4E3-ABC4-EA00-DC4C-F4A605109DF9</importedID>
<pk>true</pk>
<indexState>Primary Constraint</indexState>
<isSurrogateKey>false</isSurrogateKey>
<indexColumnUsage>
<colUsage columnID="9DD3977E-54D8-1BB9-6DF5-E06C3630F82B"/>
</indexColumnUsage>
</ind_PK_UK>
<ind_PK_UK id="915DCA02-261E-A6E5-4C13-A56626BA80E7" name="fk_skladnik_danie">
<createdBy>pawlo</createdBy>
<createdTime>2024-11-18 19:12:53 UTC</createdTime>
<ownerDesignName>basic</ownerDesignName>
<indexState>Foreign Key</indexState>
<isSurrogateKey>false</isSurrogateKey>
<indexColumnUsage>
<colUsage columnID="0EDD5796-604F-B7E5-5644-4ACF6673D327"/>
</indexColumnUsage>
</ind_PK_UK>
<ind_PK_UK id="37AC00AB-F1D2-1C1F-58C0-F0E367101D81" name="fk_skladnik_produkt">
<createdBy>pawlo</createdBy>
<createdTime>2024-11-18 19:12:53 UTC</createdTime>
<ownerDesignName>basic</ownerDesignName>
<indexState>Foreign Key</indexState>
<isSurrogateKey>false</isSurrogateKey>
<indexColumnUsage>
<colUsage columnID="2782CD3D-A4CD-D788-3D23-ED9DF8183A2C"/>
</indexColumnUsage>
</ind_PK_UK>
</indexes>
</Table>