<?xml version = '1.0' encoding = 'UTF-8'?>
<Table class="oracle.dbtools.crest.model.design.relational.Table" directorySegmentName="seg_0" id="636FFFF8-8C8E-0FB9-FE6A-60D883BD45EB" name="produkt_w_asortymencie">
<sourceDDLFile>basic1.sql</sourceDDLFile>
<createdBy>pawlo</createdBy>
<createdTime>2024-11-18 19:12:53 UTC</createdTime>
<ownerDesignName>basic</ownerDesignName>
<importedID>EDA9AD1A-E09C-A29E-8446-97FE9F44E520</importedID>
<allowColumnReorder>false</allowColumnReorder>
<existDependencyGenerateInDDl>true</existDependencyGenerateInDDl>
<parsed>true</parsed>
<columns itemClass="oracle.dbtools.crest.model.design.relational.Column">
<Column name="id_produkt_w_asortymencie" id="F333172F-85BA-45D2-2D79-6D04B4297380">
<sourceDDLFile>basic1.sql</sourceDDLFile>
<createdBy>pawlo</createdBy>
<createdTime>2024-11-18 19:12:53 UTC</createdTime>
<ownerDesignName>basic</ownerDesignName>
<importedID>6DD92AF0-09E4-58BA-4D94-E04F26B66BB4</importedID>
<use>0</use>
<logicalDatatype>LOGDT019</logicalDatatype>
<domain>BBEA72C3-9F4D-714E-B43A-85445762B4CD</domain>
<ownDataTypeParameters>,,</ownDataTypeParameters>
<autoIncrementCycle>false</autoIncrementCycle>
</Column>
<Column name="ilosc" id="130A6E0C-5B7F-15DE-2CB1-5396CA4A4474">
<sourceDDLFile>basic1.sql</sourceDDLFile>
<createdBy>pawlo</createdBy>
<createdTime>2024-11-18 19:12:53 UTC</createdTime>
<ownerDesignName>basic</ownerDesignName>
<importedID>C5EBDC68-9E2F-4FF1-00DB-943F2E6C405F</importedID>
<use>0</use>
<logicalDatatype>LOGDT019</logicalDatatype>
<domain>BBEA72C3-9F4D-714E-B43A-85445762B4CD</domain>
<ownDataTypeParameters>,,</ownDataTypeParameters>
<autoIncrementCycle>false</autoIncrementCycle>
</Column>
<Column name="cena_100g" id="C2B8E140-E752-3F14-FCD9-659A490A5130">
<sourceDDLFile>basic1.sql</sourceDDLFile>
<createdBy>pawlo</createdBy>
<createdTime>2024-11-18 19:12:53 UTC</createdTime>
<ownerDesignName>basic</ownerDesignName>
<importedID>387BD84E-F2A6-892F-093E-D642FA083D11</importedID>
<nullsAllowed>true</nullsAllowed>
<use>0</use>
<logicalDatatype>LOGDT021</logicalDatatype>
<domain>78E19CF6-27BE-1A02-370C-FFCDA1910031</domain>
<ownDataTypeParameters>,,</ownDataTypeParameters>
<autoIncrementCycle>false</autoIncrementCycle>
</Column>
<Column name="cena_szt" id="C34D18EC-7630-2DFF-5726-3679C46CC51B">
<sourceDDLFile>basic1.sql</sourceDDLFile>
<createdBy>pawlo</createdBy>
<createdTime>2024-11-18 19:12:53 UTC</createdTime>
<ownerDesignName>basic</ownerDesignName>
<importedID>5944247E-089F-E7A0-FD68-4BBE46AFA4D9</importedID>
<nullsAllowed>true</nullsAllowed>
<use>0</use>
<logicalDatatype>LOGDT021</logicalDatatype>
<domain>78E19CF6-27BE-1A02-370C-FFCDA1910031</domain>
<ownDataTypeParameters>,,</ownDataTypeParameters>
<autoIncrementCycle>false</autoIncrementCycle>
</Column>
<Column name="fk_produkt" id="8EA3CE78-9F9F-79B9-19FE-EBE671B3C12C">
<sourceDDLFile>basic1.sql</sourceDDLFile>
<createdBy>pawlo</createdBy>
<createdTime>2024-11-18 19:12:53 UTC</createdTime>
<ownerDesignName>basic</ownerDesignName>
<importedID>AF88A32D-48F6-8ED4-1354-54CC7C8EDCE4</importedID>
<use>0</use>
<logicalDatatype>LOGDT024</logicalDatatype>
<domain>1176A4A5-C780-EBE1-A63B-4D3AEF43624F</domain>
<ownDataTypeParameters>,,</ownDataTypeParameters>
<autoIncrementCycle>false</autoIncrementCycle>
<associations>
<colAssociation fkAssociation="51D9FB40-7869-0460-3B0F-AE210A33C5B2" referredColumn="0CE98102-6BFB-79F8-5431-A18E550CC212"/>
</associations>
</Column>
<Column name="fk_id_alejka" id="F64B06EF-9D58-C2AB-69C6-BC59AB0D4F9F">
<sourceDDLFile>basic1.sql</sourceDDLFile>
<createdBy>pawlo</createdBy>
<createdTime>2024-11-18 19:12:53 UTC</createdTime>
<ownerDesignName>basic</ownerDesignName>
<importedID>F01C93B6-D801-427C-06EE-1A75A7DA873F</importedID>
<use>0</use>
<logicalDatatype>LOGDT019</logicalDatatype>
<domain>BBEA72C3-9F4D-714E-B43A-85445762B4CD</domain>
<ownDataTypeParameters>,,</ownDataTypeParameters>
<autoIncrementCycle>false</autoIncrementCycle>
<associations>
<colAssociation fkAssociation="02799502-D8BB-6C43-EB82-8B380AAFE85A" referredColumn="3B7BD835-744E-94EF-F924-0765404F4226"/>
</associations>
</Column>
</columns>
<indexes itemClass="oracle.dbtools.crest.model.design.relational.Index">
<ind_PK_UK id="92FB7010-DDEF-9076-97DA-72D727260B3D" name="produkt_w_asortymencie_PK">
<sourceDDLFile>basic1.sql</sourceDDLFile>
<createdBy>pawlo</createdBy>
<createdTime>2024-11-18 19:12:53 UTC</createdTime>
<ownerDesignName>basic</ownerDesignName>
<importedID>7014B642-F7E6-73FC-0136-896FB460333C</importedID>
<pk>true</pk>
<indexState>Primary Constraint</indexState>
<isSurrogateKey>false</isSurrogateKey>
<indexColumnUsage>
<colUsage columnID="F333172F-85BA-45D2-2D79-6D04B4297380"/>
</indexColumnUsage>
</ind_PK_UK>
<ind_PK_UK id="78ECBA6E-AF27-A3DE-43A6-FB93B6B3EDCF" name="fk_prod_asort_alejka">
<createdBy>pawlo</createdBy>
<createdTime>2024-11-18 19:12:53 UTC</createdTime>
<ownerDesignName>basic</ownerDesignName>
<indexState>Foreign Key</indexState>
<isSurrogateKey>false</isSurrogateKey>
<indexColumnUsage>
<colUsage columnID="F64B06EF-9D58-C2AB-69C6-BC59AB0D4F9F"/>
</indexColumnUsage>
</ind_PK_UK>
<ind_PK_UK id="0FDE75E0-9263-E31E-3C5C-C97ADBD4C9E4" name="fk_prod_asort_produkt">
<createdBy>pawlo</createdBy>
<createdTime>2024-11-18 19:12:53 UTC</createdTime>
<ownerDesignName>basic</ownerDesignName>
<indexState>Foreign Key</indexState>
<isSurrogateKey>false</isSurrogateKey>
<indexColumnUsage>
<colUsage columnID="8EA3CE78-9F9F-79B9-19FE-EBE671B3C12C"/>
</indexColumnUsage>
</ind_PK_UK>
</indexes>
</Table>