<?xml version = '1.0' encoding = 'UTF-8'?>
<Table class="oracle.dbtools.crest.model.design.relational.Table" directorySegmentName="seg_0" id="A1406B28-9D91-F4C7-09EB-7D7B2E5EA013" name="zamowienie">
<sourceDDLFile>basic1.sql</sourceDDLFile>
<createdBy>pawlo</createdBy>
<createdTime>2024-11-18 19:12:53 UTC</createdTime>
<ownerDesignName>basic</ownerDesignName>
<importedID>E387808C-D8F7-B505-C593-DE897E1BAD9F</importedID>
<allowColumnReorder>false</allowColumnReorder>
<existDependencyGenerateInDDl>true</existDependencyGenerateInDDl>
<parsed>true</parsed>
<columns itemClass="oracle.dbtools.crest.model.design.relational.Column">
<Column name="id_zamowienie" id="DDACC7B9-15D0-74B9-BE82-49BC1C07C8AF">
<sourceDDLFile>basic1.sql</sourceDDLFile>
<createdBy>pawlo</createdBy>
<createdTime>2024-11-18 19:12:53 UTC</createdTime>
<ownerDesignName>basic</ownerDesignName>
<importedID>25B8E7B9-92D7-964A-E883-EE02DFEF0901</importedID>
<use>0</use>
<logicalDatatype>LOGDT019</logicalDatatype>
<domain>BBEA72C3-9F4D-714E-B43A-85445762B4CD</domain>
<ownDataTypeParameters>,,</ownDataTypeParameters>
<autoIncrementCycle>false</autoIncrementCycle>
</Column>
<Column name="stan" id="B62E8DD4-A84C-2483-C6EE-2F355C3F88CE">
<sourceDDLFile>basic1.sql</sourceDDLFile>
<createdBy>pawlo</createdBy>
<createdTime>2024-11-18 19:12:53 UTC</createdTime>
<ownerDesignName>basic</ownerDesignName>
<importedID>F8A50DC0-5128-5620-0735-9B5E3C39950F</importedID>
<use>0</use>
<logicalDatatype>LOGDT024</logicalDatatype>
<domain>1176A4A5-C780-EBE1-A63B-4D3AEF43624F</domain>
<ownDataTypeParameters>,,</ownDataTypeParameters>
<autoIncrementCycle>false</autoIncrementCycle>
</Column>
<Column name="cena_sumaryczna" id="7CEB42A6-A22A-7AB5-7307-A1292CCD690D">
<sourceDDLFile>basic1.sql</sourceDDLFile>
<createdBy>pawlo</createdBy>
<createdTime>2024-11-18 19:12:53 UTC</createdTime>
<ownerDesignName>basic</ownerDesignName>
<importedID>E1F93906-ACFB-D9E8-B4D4-1D3BCB9F108A</importedID>
<use>0</use>
<logicalDatatype>LOGDT021</logicalDatatype>
<domain>34CB2E28-2D9B-44E6-6848-27D223CEBDA1</domain>
<ownDataTypeParameters>,,</ownDataTypeParameters>
<autoIncrementCycle>false</autoIncrementCycle>
</Column>
<Column name="data" id="9CC26C6A-59DC-EA6E-0AB4-F5DFB93FF0E5">
<sourceDDLFile>basic1.sql</sourceDDLFile>
<createdBy>pawlo</createdBy>
<createdTime>2024-11-18 19:12:53 UTC</createdTime>
<ownerDesignName>basic</ownerDesignName>
<importedID>FCBCBF87-E022-A405-BDAB-B8F0BCD19E4C</importedID>
<use>0</use>
<logicalDatatype>LOGDT007</logicalDatatype>
<domain>0EA64B2E-E598-841A-9A13-F9E76D07AAD1</domain>
<ownDataTypeParameters>,,</ownDataTypeParameters>
<autoIncrementCycle>false</autoIncrementCycle>
</Column>
<Column name="fk_klient" id="51BE1882-80D3-B390-BB8D-82533CCCCA9F">
<sourceDDLFile>basic1.sql</sourceDDLFile>
<createdBy>pawlo</createdBy>
<createdTime>2024-11-18 19:12:53 UTC</createdTime>
<ownerDesignName>basic</ownerDesignName>
<importedID>8DE023DA-582B-18E4-A32C-58433738A57A</importedID>
<use>0</use>
<logicalDatatype>LOGDT024</logicalDatatype>
<domain>1176A4A5-C780-EBE1-A63B-4D3AEF43624F</domain>
<ownDataTypeParameters>,,</ownDataTypeParameters>
<autoIncrementCycle>false</autoIncrementCycle>
<associations>
<colAssociation fkAssociation="84180055-87AE-4FD9-A359-12930352678B" referredColumn="2C8DC37D-E6A5-C71C-6351-906ED0A0ADDF"/>
</associations>
</Column>
</columns>
<indexes itemClass="oracle.dbtools.crest.model.design.relational.Index">
<ind_PK_UK id="1B6AD489-8B4D-28D7-E649-CC9E2A770A92" name="zamowienie_PK">
<sourceDDLFile>basic1.sql</sourceDDLFile>
<createdBy>pawlo</createdBy>
<createdTime>2024-11-18 19:12:53 UTC</createdTime>
<ownerDesignName>basic</ownerDesignName>
<importedID>3974B8C9-971C-3991-8D85-1F8DD8A9EEC2</importedID>
<pk>true</pk>
<indexState>Primary Constraint</indexState>
<isSurrogateKey>false</isSurrogateKey>
<indexColumnUsage>
<colUsage columnID="DDACC7B9-15D0-74B9-BE82-49BC1C07C8AF"/>
</indexColumnUsage>
</ind_PK_UK>
<ind_PK_UK id="83BFC822-A9D4-7B1C-4751-4AE6085E8F4E" name="fk_zamowienie_klient">
<createdBy>pawlo</createdBy>
<createdTime>2024-11-18 19:12:53 UTC</createdTime>
<ownerDesignName>basic</ownerDesignName>
<indexState>Foreign Key</indexState>
<isSurrogateKey>false</isSurrogateKey>
<indexColumnUsage>
<colUsage columnID="51BE1882-80D3-B390-BB8D-82533CCCCA9F"/>
</indexColumnUsage>
</ind_PK_UK>
</indexes>
</Table>