<?xml version = '1.0' encoding = 'UTF-8'?>
<Table class="oracle.dbtools.crest.model.design.relational.Table" directorySegmentName="seg_0" id="A40003EA-1AFF-62D0-B90B-6D98BF2D980F" name="element_lodowki">
<sourceDDLFile>basic1.sql</sourceDDLFile>
<createdBy>pawlo</createdBy>
<createdTime>2024-11-18 19:12:53 UTC</createdTime>
<ownerDesignName>basic</ownerDesignName>
<importedID>5EE89090-FC7F-21A2-9E38-C7053FA981D3</importedID>
<allowColumnReorder>false</allowColumnReorder>
<existDependencyGenerateInDDl>true</existDependencyGenerateInDDl>
<parsed>true</parsed>
<columns itemClass="oracle.dbtools.crest.model.design.relational.Column">
<Column name="id_element_lodowki" id="55D922DE-A8FD-E07E-639D-BE18BD1E9F17">
<sourceDDLFile>basic1.sql</sourceDDLFile>
<createdBy>pawlo</createdBy>
<createdTime>2024-11-18 19:12:53 UTC</createdTime>
<ownerDesignName>basic</ownerDesignName>
<importedID>DCB06EFF-734A-68B7-D33D-159069123386</importedID>
<use>0</use>
<logicalDatatype>LOGDT019</logicalDatatype>
<domain>BBEA72C3-9F4D-714E-B43A-85445762B4CD</domain>
<ownDataTypeParameters>,,</ownDataTypeParameters>
<autoIncrementCycle>false</autoIncrementCycle>
</Column>
<Column name="ilosc" id="07F28140-8CF3-DA3A-AD3E-3095B3404D05">
<sourceDDLFile>basic1.sql</sourceDDLFile>
<createdBy>pawlo</createdBy>
<createdTime>2024-11-18 19:12:53 UTC</createdTime>
<ownerDesignName>basic</ownerDesignName>
<importedID>84FCC0EE-01C7-547C-8290-D245ACAC6121</importedID>
<use>0</use>
<logicalDatatype>LOGDT019</logicalDatatype>
<domain>BBEA72C3-9F4D-714E-B43A-85445762B4CD</domain>
<ownDataTypeParameters>,,</ownDataTypeParameters>
<autoIncrementCycle>false</autoIncrementCycle>
</Column>
<Column name="fk_produkt" id="3939CB50-C5E5-D29D-B149-48D26E3BA710">
<sourceDDLFile>basic1.sql</sourceDDLFile>
<createdBy>pawlo</createdBy>
<createdTime>2024-11-18 19:12:53 UTC</createdTime>
<ownerDesignName>basic</ownerDesignName>
<importedID>1FB98A3B-0DC8-A593-2F7F-D4596BC45444</importedID>
<use>0</use>
<logicalDatatype>LOGDT024</logicalDatatype>
<domain>1176A4A5-C780-EBE1-A63B-4D3AEF43624F</domain>
<ownDataTypeParameters>,,</ownDataTypeParameters>
<autoIncrementCycle>false</autoIncrementCycle>
<associations>
<colAssociation fkAssociation="E7DAA290-A5C0-B96F-7450-5B08CA169C0E" referredColumn="0CE98102-6BFB-79F8-5431-A18E550CC212"/>
</associations>
</Column>
<Column name="fk_klient" id="B98CC319-8306-0C05-4265-6FDBD642412B">
<sourceDDLFile>basic1.sql</sourceDDLFile>
<createdBy>pawlo</createdBy>
<createdTime>2024-11-18 19:12:53 UTC</createdTime>
<ownerDesignName>basic</ownerDesignName>
<importedID>FE6B1D90-9BFA-2382-6224-3955BD9A3175</importedID>
<use>0</use>
<logicalDatatype>LOGDT024</logicalDatatype>
<domain>1176A4A5-C780-EBE1-A63B-4D3AEF43624F</domain>
<ownDataTypeParameters>,,</ownDataTypeParameters>
<autoIncrementCycle>false</autoIncrementCycle>
<associations>
<colAssociation fkAssociation="611EF10B-443B-BA99-1523-4EAF75F8A0DA" referredColumn="2C8DC37D-E6A5-C71C-6351-906ED0A0ADDF"/>
</associations>
</Column>
</columns>
<indexes itemClass="oracle.dbtools.crest.model.design.relational.Index">
<ind_PK_UK id="A1D8D611-1ABD-4353-0231-3648B9DB64BD" name="element_lodowki_PK">
<sourceDDLFile>basic1.sql</sourceDDLFile>
<createdBy>pawlo</createdBy>
<createdTime>2024-11-18 19:12:53 UTC</createdTime>
<ownerDesignName>basic</ownerDesignName>
<importedID>50F924C8-74E7-DDF1-7EC7-D4247675BD96</importedID>
<pk>true</pk>
<indexState>Primary Constraint</indexState>
<isSurrogateKey>false</isSurrogateKey>
<indexColumnUsage>
<colUsage columnID="55D922DE-A8FD-E07E-639D-BE18BD1E9F17"/>
</indexColumnUsage>
</ind_PK_UK>
<ind_PK_UK id="0392BD79-1CF3-86F0-A451-890896CAB577" name="fk_lodowka_klient">
<createdBy>pawlo</createdBy>
<createdTime>2024-11-18 19:12:53 UTC</createdTime>
<ownerDesignName>basic</ownerDesignName>
<indexState>Foreign Key</indexState>
<isSurrogateKey>false</isSurrogateKey>
<indexColumnUsage>
<colUsage columnID="B98CC319-8306-0C05-4265-6FDBD642412B"/>
</indexColumnUsage>
</ind_PK_UK>
<ind_PK_UK id="88BD07A1-D12E-3091-CA2C-77CEE72BEF43" name="fk_lodowka_produkt">
<createdBy>pawlo</createdBy>
<createdTime>2024-11-18 19:12:53 UTC</createdTime>
<ownerDesignName>basic</ownerDesignName>
<indexState>Foreign Key</indexState>
<isSurrogateKey>false</isSurrogateKey>
<indexColumnUsage>
<colUsage columnID="3939CB50-C5E5-D29D-B149-48D26E3BA710"/>
</indexColumnUsage>
</ind_PK_UK>
</indexes>
</Table>