<?xml version = '1.0' encoding = 'UTF-8'?>
<Table class="oracle.dbtools.crest.model.design.relational.Table" directorySegmentName="seg_0" id="BF523314-82DA-D85E-A749-016733AD0D59" name="promocja">
<sourceDDLFile>basic1.sql</sourceDDLFile>
<createdBy>pawlo</createdBy>
<createdTime>2024-11-18 19:12:53 UTC</createdTime>
<ownerDesignName>basic</ownerDesignName>
<importedID>BF860B8E-BED9-0133-874A-8C4B464F4178</importedID>
<allowColumnReorder>false</allowColumnReorder>
<existDependencyGenerateInDDl>true</existDependencyGenerateInDDl>
<parsed>true</parsed>
<columns itemClass="oracle.dbtools.crest.model.design.relational.Column">
<Column name="id_promocja" id="DFBD8EAB-6313-32E0-1E5D-392B1381B2F1">
<sourceDDLFile>basic1.sql</sourceDDLFile>
<createdBy>pawlo</createdBy>
<createdTime>2024-11-18 19:12:53 UTC</createdTime>
<ownerDesignName>basic</ownerDesignName>
<importedID>A96941AE-1BBF-8915-CEC2-04959D45DCEA</importedID>
<use>0</use>
<logicalDatatype>LOGDT019</logicalDatatype>
<domain>BBEA72C3-9F4D-714E-B43A-85445762B4CD</domain>
<ownDataTypeParameters>,,</ownDataTypeParameters>
<autoIncrementCycle>false</autoIncrementCycle>
</Column>
<Column name="typ" id="43CA5D5D-47D9-F70E-FF31-AD9EE54D87F1">
<sourceDDLFile>basic1.sql</sourceDDLFile>
<createdBy>pawlo</createdBy>
<createdTime>2024-11-18 19:12:53 UTC</createdTime>
<ownerDesignName>basic</ownerDesignName>
<importedID>12F8A00C-1B4E-CEE7-A172-77A6EB3C7213</importedID>
<use>0</use>
<logicalDatatype>LOGDT024</logicalDatatype>
<domain>1176A4A5-C780-EBE1-A63B-4D3AEF43624F</domain>
<ownDataTypeParameters>,,</ownDataTypeParameters>
<autoIncrementCycle>false</autoIncrementCycle>
</Column>
<Column name="data_rozpoczecia" id="5E18B8E6-C5FE-9A81-97D7-8687D516C85C">
<sourceDDLFile>basic1.sql</sourceDDLFile>
<createdBy>pawlo</createdBy>
<createdTime>2024-11-18 19:12:53 UTC</createdTime>
<ownerDesignName>basic</ownerDesignName>
<importedID>D08FC9DB-AC20-5FEF-64E6-145EB48E7B47</importedID>
<use>0</use>
<logicalDatatype>LOGDT007</logicalDatatype>
<domain>0EA64B2E-E598-841A-9A13-F9E76D07AAD1</domain>
<ownDataTypeParameters>,,</ownDataTypeParameters>
<autoIncrementCycle>false</autoIncrementCycle>
</Column>
<Column name="data_zakonczenia" id="67B1C444-6FCA-EAF8-D862-700CE8CF8E15">
<sourceDDLFile>basic1.sql</sourceDDLFile>
<createdBy>pawlo</createdBy>
<createdTime>2024-11-18 19:12:53 UTC</createdTime>
<ownerDesignName>basic</ownerDesignName>
<importedID>C7052338-1650-13D8-2D34-406A8B64D725</importedID>
<use>0</use>
<logicalDatatype>LOGDT007</logicalDatatype>
<domain>0EA64B2E-E598-841A-9A13-F9E76D07AAD1</domain>
<ownDataTypeParameters>,,</ownDataTypeParameters>
<autoIncrementCycle>false</autoIncrementCycle>
</Column>
<Column name="procent" id="01A895F8-C0F5-E92E-6B08-6F3DBA85855C">
<sourceDDLFile>basic1.sql</sourceDDLFile>
<createdBy>pawlo</createdBy>
<createdTime>2024-11-18 19:12:53 UTC</createdTime>
<ownerDesignName>basic</ownerDesignName>
<importedID>6C3C8637-5A58-73B5-520D-778D3029123B</importedID>
<nullsAllowed>true</nullsAllowed>
<use>0</use>
<logicalDatatype>LOGDT021</logicalDatatype>
<domain>78E19CF6-27BE-1A02-370C-FFCDA1910031</domain>
<ownDataTypeParameters>,,</ownDataTypeParameters>
<autoIncrementCycle>false</autoIncrementCycle>
</Column>
<Column name="fk_id_sklep" id="90F57608-7884-9D24-8095-44416D210F1B">
<sourceDDLFile>basic1.sql</sourceDDLFile>
<createdBy>pawlo</createdBy>
<createdTime>2024-11-18 19:12:53 UTC</createdTime>
<ownerDesignName>basic</ownerDesignName>
<importedID>15EA41A0-BC8F-6F30-9B6F-CD468216A088</importedID>
<use>0</use>
<logicalDatatype>LOGDT019</logicalDatatype>
<domain>BBEA72C3-9F4D-714E-B43A-85445762B4CD</domain>
<ownDataTypeParameters>,,</ownDataTypeParameters>
<autoIncrementCycle>false</autoIncrementCycle>
<associations>
<colAssociation fkAssociation="64B6104C-A1FC-1F71-D37C-0ED1AADCA509" referredColumn="18CB8F62-7D8C-1CAD-E1C6-03EEDDF8CE2F"/>
</associations>
</Column>
<Column name="fk_produkt" id="E4208C3A-C1A8-B462-76CD-0871688693D3">
<sourceDDLFile>basic1.sql</sourceDDLFile>
<createdBy>pawlo</createdBy>
<createdTime>2024-11-18 19:12:53 UTC</createdTime>
<ownerDesignName>basic</ownerDesignName>
<importedID>A6866FC4-4FF4-A264-C8E3-25DB82069D0F</importedID>
<use>0</use>
<logicalDatatype>LOGDT024</logicalDatatype>
<domain>1176A4A5-C780-EBE1-A63B-4D3AEF43624F</domain>
<ownDataTypeParameters>,,</ownDataTypeParameters>
<autoIncrementCycle>false</autoIncrementCycle>
<associations>
<colAssociation fkAssociation="064B19BF-13D8-2EA3-75F4-C3A83585BA88" referredColumn="0CE98102-6BFB-79F8-5431-A18E550CC212"/>
</associations>
</Column>
</columns>
<indexes itemClass="oracle.dbtools.crest.model.design.relational.Index">
<ind_PK_UK id="A97CBCDD-CB4B-293A-72D5-70D132F12FEA" name="promocja_PK">
<sourceDDLFile>basic1.sql</sourceDDLFile>
<createdBy>pawlo</createdBy>
<createdTime>2024-11-18 19:12:53 UTC</createdTime>
<ownerDesignName>basic</ownerDesignName>
<importedID>3B07ABE6-82EA-99F3-085A-6A8530F3C9ED</importedID>
<pk>true</pk>
<indexState>Primary Constraint</indexState>
<isSurrogateKey>false</isSurrogateKey>
<indexColumnUsage>
<colUsage columnID="DFBD8EAB-6313-32E0-1E5D-392B1381B2F1"/>
</indexColumnUsage>
</ind_PK_UK>
<ind_PK_UK id="6C23EDE6-5B02-A27C-AEBE-13E166736822" name="fk_promocja_produkt">
<createdBy>pawlo</createdBy>
<createdTime>2024-11-18 19:12:53 UTC</createdTime>
<ownerDesignName>basic</ownerDesignName>
<indexState>Foreign Key</indexState>
<isSurrogateKey>false</isSurrogateKey>
<indexColumnUsage>
<colUsage columnID="E4208C3A-C1A8-B462-76CD-0871688693D3"/>
</indexColumnUsage>
</ind_PK_UK>
<ind_PK_UK id="B0592F35-2B56-293C-528C-C175AEA00FAA" name="fk_promocja_sklep">
<createdBy>pawlo</createdBy>
<createdTime>2024-11-18 19:12:53 UTC</createdTime>
<ownerDesignName>basic</ownerDesignName>
<indexState>Foreign Key</indexState>
<isSurrogateKey>false</isSurrogateKey>
<indexColumnUsage>
<colUsage columnID="90F57608-7884-9D24-8095-44416D210F1B"/>
</indexColumnUsage>
</ind_PK_UK>
</indexes>
</Table>