<?xml version = '1.0' encoding = 'UTF-8'?>
<Table class="oracle.dbtools.crest.model.design.relational.Table" directorySegmentName="seg_0" id="D1E5D845-5BC2-127F-AFE3-43F8CAF69AF7" name="klient">
<sourceDDLFile>basic1.sql</sourceDDLFile>
<createdBy>pawlo</createdBy>
<createdTime>2024-11-18 19:12:53 UTC</createdTime>
<ownerDesignName>basic</ownerDesignName>
<importedID>73CC1FB0-2FD9-D9B1-0765-96EBA663DBD2</importedID>
<allowColumnReorder>false</allowColumnReorder>
<existDependencyGenerateInDDl>true</existDependencyGenerateInDDl>
<parsed>true</parsed>
<columns itemClass="oracle.dbtools.crest.model.design.relational.Column">
<Column name="email" id="2C8DC37D-E6A5-C71C-6351-906ED0A0ADDF">
<sourceDDLFile>basic1.sql</sourceDDLFile>
<createdBy>pawlo</createdBy>
<createdTime>2024-11-18 19:12:53 UTC</createdTime>
<ownerDesignName>basic</ownerDesignName>
<importedID>30D63AA9-2F1C-66B8-491D-7FB53D8250CB</importedID>
<use>0</use>
<logicalDatatype>LOGDT024</logicalDatatype>
<domain>1176A4A5-C780-EBE1-A63B-4D3AEF43624F</domain>
<ownDataTypeParameters>,,</ownDataTypeParameters>
<autoIncrementCycle>false</autoIncrementCycle>
</Column>
<Column name="imie" id="CE7AD952-BFCF-7925-733B-E400421A18D7">
<sourceDDLFile>basic1.sql</sourceDDLFile>
<createdBy>pawlo</createdBy>
<createdTime>2024-11-18 19:12:53 UTC</createdTime>
<ownerDesignName>basic</ownerDesignName>
<importedID>FF8B3254-8158-2E96-1CC7-193D5041572E</importedID>
<use>0</use>
<logicalDatatype>LOGDT024</logicalDatatype>
<domain>1176A4A5-C780-EBE1-A63B-4D3AEF43624F</domain>
<ownDataTypeParameters>,,</ownDataTypeParameters>
<autoIncrementCycle>false</autoIncrementCycle>
</Column>
<Column name="nazwisko" id="6477EB5E-585B-21D7-2D1E-54DF16B6A8BF">
<sourceDDLFile>basic1.sql</sourceDDLFile>
<createdBy>pawlo</createdBy>
<createdTime>2024-11-18 19:12:53 UTC</createdTime>
<ownerDesignName>basic</ownerDesignName>
<importedID>F676E668-9630-EB8F-7982-26DCBD850324</importedID>
<use>0</use>
<logicalDatatype>LOGDT024</logicalDatatype>
<domain>1176A4A5-C780-EBE1-A63B-4D3AEF43624F</domain>
<ownDataTypeParameters>,,</ownDataTypeParameters>
<autoIncrementCycle>false</autoIncrementCycle>
</Column>
<Column name="adres" id="A806ABD3-501F-644E-5CE7-2683DAB71913">
<sourceDDLFile>basic1.sql</sourceDDLFile>
<createdBy>pawlo</createdBy>
<createdTime>2024-11-18 19:12:53 UTC</createdTime>
<ownerDesignName>basic</ownerDesignName>
<importedID>673D0B03-6914-2640-44B6-40C468736AC4</importedID>
<nullsAllowed>true</nullsAllowed>
<use>0</use>
<logicalDatatype>LOGDT024</logicalDatatype>
<domain>1176A4A5-C780-EBE1-A63B-4D3AEF43624F</domain>
<ownDataTypeParameters>,,</ownDataTypeParameters>
<autoIncrementCycle>false</autoIncrementCycle>
</Column>
</columns>
<indexes itemClass="oracle.dbtools.crest.model.design.relational.Index">
<ind_PK_UK id="2EA0EC55-8753-27A1-135D-50D9AB226B7F" name="klient_PK">
<sourceDDLFile>basic1.sql</sourceDDLFile>
<createdBy>pawlo</createdBy>
<createdTime>2024-11-18 19:12:53 UTC</createdTime>
<ownerDesignName>basic</ownerDesignName>
<importedID>0BF23B5A-A1FE-219D-2F27-08F6A4D14A80</importedID>
<pk>true</pk>
<indexState>Primary Constraint</indexState>
<isSurrogateKey>false</isSurrogateKey>
<indexColumnUsage>
<colUsage columnID="2C8DC37D-E6A5-C71C-6351-906ED0A0ADDF"/>
</indexColumnUsage>
</ind_PK_UK>
</indexes>
</Table>