<?xml version = '1.0' encoding = 'UTF-8'?>
<Entity class="oracle.dbtools.crest.model.design.logical.Entity" directorySegmentName="seg_0" id="105BCC75-81A0-A798-121C-967D6B8668FD" name="godziny_otwarcia">
<createdBy>pawlo</createdBy>
<createdTime>2024-11-05 09:41:15 UTC</createdTime>
<ownerDesignName>basic</ownerDesignName>
<engineerTo>
<item key="2FA2552F-0C8A-803A-0959-77A1AFAB2C58" value="true"/>
</engineerTo>
<adequatelyNormalized>NO</adequatelyNormalized>
<expectedVolumes>0</expectedVolumes>
<fwdEngineeringStrategyName>Single Table</fwdEngineeringStrategyName>
<growthPercent>0</growthPercent>
<growthType>Year</growthType>
<maxVolumes>9999999</maxVolumes>
<minVolumes>0</minVolumes>
<normalForm>Third</normalForm>
<attributes itemClass="oracle.dbtools.crest.model.design.logical.Attribute">
<Attribute name="otwarcie_w_tyg" id="DC52B7DA-A4D8-9B8C-1DF4-C7E9E4342306">
<createdBy>pawlo</createdBy>
<createdTime>2024-11-05 18:47:23 UTC</createdTime>
<ownerDesignName>basic</ownerDesignName>
<engineerTo>
<item key="2FA2552F-0C8A-803A-0959-77A1AFAB2C58" value="true"/>
</engineerTo>
<useDomainConstraints>false</useDomainConstraints>
<use>1</use>
<logicalDatatype>LOGDT024</logicalDatatype>
<dataTypeSize>5</dataTypeSize>
<ownDataTypeParameters>5,,</ownDataTypeParameters>
</Attribute>
<Attribute name="zamkniecie_w_tyg" id="399DF21B-B916-1A59-6AAD-7D417B9C0EF6">
<createdBy>pawlo</createdBy>
<createdTime>2024-11-05 18:47:23 UTC</createdTime>
<ownerDesignName>basic</ownerDesignName>
<engineerTo>
<item key="2FA2552F-0C8A-803A-0959-77A1AFAB2C58" value="true"/>
</engineerTo>
<useDomainConstraints>false</useDomainConstraints>
<use>1</use>
<logicalDatatype>LOGDT024</logicalDatatype>
<dataTypeSize>5</dataTypeSize>
<ownDataTypeParameters>5,,</ownDataTypeParameters>
</Attribute>
<Attribute name="otwarcie_w_sobote" id="B3791099-E148-D78E-DE31-3C9C61D95609">
<createdBy>pawlo</createdBy>
<createdTime>2024-11-05 18:47:23 UTC</createdTime>
<ownerDesignName>basic</ownerDesignName>
<engineerTo>
<item key="2FA2552F-0C8A-803A-0959-77A1AFAB2C58" value="true"/>
</engineerTo>
<useDomainConstraints>false</useDomainConstraints>
<use>1</use>
<logicalDatatype>LOGDT024</logicalDatatype>
<dataTypeSize>5</dataTypeSize>
<ownDataTypeParameters>5,,</ownDataTypeParameters>
</Attribute>
<Attribute name="zamkniecie_w_sobote" id="482E2EB9-99BE-5D2D-3619-8890E45C2DBC">
<createdBy>pawlo</createdBy>
<createdTime>2024-11-05 18:47:24 UTC</createdTime>
<ownerDesignName>basic</ownerDesignName>
<engineerTo>
<item key="2FA2552F-0C8A-803A-0959-77A1AFAB2C58" value="true"/>
</engineerTo>
<useDomainConstraints>false</useDomainConstraints>
<use>1</use>
<logicalDatatype>LOGDT024</logicalDatatype>
<dataTypeSize>5</dataTypeSize>
<ownDataTypeParameters>5,,</ownDataTypeParameters>
</Attribute>
</attributes>
<identifiers itemClass="oracle.dbtools.crest.model.design.logical.CandidateKey">
<identifier id="09F03DB1-B400-BFBA-5F83-B89FB1C3E695" name="godziny_otwarcia PK">
<createdBy>pawlo</createdBy>
<createdTime>2024-11-05 18:48:10 UTC</createdTime>
<ownerDesignName>basic</ownerDesignName>
<engineerTo>
<item key="2FA2552F-0C8A-803A-0959-77A1AFAB2C58" value="true"/>
</engineerTo>
<pk>true</pk>
<usedAttributes>
<attributeRef>B3791099-E148-D78E-DE31-3C9C61D95609</attributeRef>
<attributeRef>482E2EB9-99BE-5D2D-3619-8890E45C2DBC</attributeRef>
<attributeRef>DC52B7DA-A4D8-9B8C-1DF4-C7E9E4342306</attributeRef>
<attributeRef>399DF21B-B916-1A59-6AAD-7D417B9C0EF6</attributeRef>
</usedAttributes>
</identifier>
</identifiers>
</Entity>