<?xml version = '1.0' encoding = 'UTF-8'?>
<Entity class="oracle.dbtools.crest.model.design.logical.Entity" directorySegmentName="seg_0" id="1B9B73F4-52A1-2E35-BE7C-4EDFC1BF2E47" name="sklep">
<createdBy>pawlo</createdBy>
<createdTime>2024-11-05 09:40:22 UTC</createdTime>
<ownerDesignName>basic</ownerDesignName>
<engineerTo>
<item key="2FA2552F-0C8A-803A-0959-77A1AFAB2C58" value="true"/>
</engineerTo>
<adequatelyNormalized>NO</adequatelyNormalized>
<expectedVolumes>0</expectedVolumes>
<fwdEngineeringStrategyName>Single Table</fwdEngineeringStrategyName>
<growthPercent>0</growthPercent>
<growthType>Year</growthType>
<maxVolumes>9999999</maxVolumes>
<minVolumes>0</minVolumes>
<normalForm>Third</normalForm>
<attributes itemClass="oracle.dbtools.crest.model.design.logical.Attribute">
<Attribute name="identyfikator_sklepu" id="FCC49D72-81E9-A16E-80C2-142BD4911C85">
<createdBy>pawlo</createdBy>
<createdTime>2024-11-05 18:32:59 UTC</createdTime>
<ownerDesignName>basic</ownerDesignName>
<engineerTo>
<item key="2FA2552F-0C8A-803A-0959-77A1AFAB2C58" value="true"/>
</engineerTo>
<useDomainConstraints>false</useDomainConstraints>
<use>1</use>
<logicalDatatype>LOGDT011</logicalDatatype>
<ownDataTypeParameters>,,</ownDataTypeParameters>
</Attribute>
<Attribute name="adres" id="661923F9-9FD2-FB78-F8EF-13121E9B1B15">
<createdBy>pawlo</createdBy>
<createdTime>2024-11-05 18:32:59 UTC</createdTime>
<ownerDesignName>basic</ownerDesignName>
<engineerTo>
<item key="2FA2552F-0C8A-803A-0959-77A1AFAB2C58" value="true"/>
</engineerTo>
<useDomainConstraints>false</useDomainConstraints>
<use>1</use>
<logicalDatatype>LOGDT024</logicalDatatype>
<dataTypeSize>50</dataTypeSize>
<ownDataTypeParameters>50,,</ownDataTypeParameters>
</Attribute>
<Attribute name="otwarcie_w_sobote" id="DCF7A843-0292-523A-610A-83C2F4B31E92">
<createdBy>pawlo</createdBy>
<createdTime>2024-11-05 18:48:15 UTC</createdTime>
<generatorID>68FB8747-E4C9-2594-D6BB-B7B97928B847</generatorID>
<ownerDesignName>basic</ownerDesignName>
<engineerTo>
<item key="2FA2552F-0C8A-803A-0959-77A1AFAB2C58" value="true"/>
</engineerTo>
<referedAttribute>B3791099-E148-D78E-DE31-3C9C61D95609</referedAttribute>
<useDomainConstraints>false</useDomainConstraints>
<use>1</use>
<logicalDatatype>LOGDT024</logicalDatatype>
<dataTypeSize>5</dataTypeSize>
<ownDataTypeParameters>,,</ownDataTypeParameters>
</Attribute>
<Attribute name="zamkniecie_w_sobote" id="7ABD0194-C16C-B58F-71D2-D41680DF646E">
<createdBy>pawlo</createdBy>
<createdTime>2024-11-05 18:48:15 UTC</createdTime>
<generatorID>68FB8747-E4C9-2594-D6BB-B7B97928B847</generatorID>
<ownerDesignName>basic</ownerDesignName>
<engineerTo>
<item key="2FA2552F-0C8A-803A-0959-77A1AFAB2C58" value="true"/>
</engineerTo>
<referedAttribute>482E2EB9-99BE-5D2D-3619-8890E45C2DBC</referedAttribute>
<useDomainConstraints>false</useDomainConstraints>
<use>1</use>
<logicalDatatype>LOGDT024</logicalDatatype>
<dataTypeSize>5</dataTypeSize>
<ownDataTypeParameters>,,</ownDataTypeParameters>
</Attribute>
<Attribute name="otwarcie_w_tyg" id="854760C5-AB42-2632-5780-4383FC7C3DE6">
<createdBy>pawlo</createdBy>
<createdTime>2024-11-05 19:31:48 UTC</createdTime>
<generatorID>68FB8747-E4C9-2594-D6BB-B7B97928B847</generatorID>
<ownerDesignName>basic</ownerDesignName>
<engineerTo>
<item key="2FA2552F-0C8A-803A-0959-77A1AFAB2C58" value="true"/>
</engineerTo>
<referedAttribute>DC52B7DA-A4D8-9B8C-1DF4-C7E9E4342306</referedAttribute>
<useDomainConstraints>false</useDomainConstraints>
<use>1</use>
<logicalDatatype>LOGDT024</logicalDatatype>
<dataTypeSize>5</dataTypeSize>
<ownDataTypeParameters>,,</ownDataTypeParameters>
</Attribute>
<Attribute name="zamkniecie_w_tyg" id="684455EC-33AB-B051-7F60-FC0172DA135E">
<createdBy>pawlo</createdBy>
<createdTime>2024-11-05 19:31:49 UTC</createdTime>
<generatorID>68FB8747-E4C9-2594-D6BB-B7B97928B847</generatorID>
<ownerDesignName>basic</ownerDesignName>
<engineerTo>
<item key="2FA2552F-0C8A-803A-0959-77A1AFAB2C58" value="true"/>
</engineerTo>
<referedAttribute>399DF21B-B916-1A59-6AAD-7D417B9C0EF6</referedAttribute>
<useDomainConstraints>false</useDomainConstraints>
<use>1</use>
<logicalDatatype>LOGDT024</logicalDatatype>
<dataTypeSize>5</dataTypeSize>
<ownDataTypeParameters>,,</ownDataTypeParameters>
</Attribute>
</attributes>
<identifiers itemClass="oracle.dbtools.crest.model.design.logical.CandidateKey">
<identifier id="06BADFAC-B245-E44C-26E1-94B6904C705C" name="sklep PK">
<createdBy>pawlo</createdBy>
<createdTime>2024-11-05 18:33:18 UTC</createdTime>
<ownerDesignName>basic</ownerDesignName>
<engineerTo>
<item key="2FA2552F-0C8A-803A-0959-77A1AFAB2C58" value="true"/>
</engineerTo>
<pk>true</pk>
<usedAttributes>
<attributeRef>FCC49D72-81E9-A16E-80C2-142BD4911C85</attributeRef>
</usedAttributes>
</identifier>
</identifiers>
</Entity>