<?xml version = '1.0' encoding = 'UTF-8'?>
<Entity class="oracle.dbtools.crest.model.design.logical.Entity" directorySegmentName="seg_0" id="1B9B73F4-52A1-2E35-BE7C-4EDFC1BF2E47" name="sklep">
<createdBy>pawlo</createdBy>
<createdTime>2024-11-05 09:40:22 UTC</createdTime>
<ownerDesignName>basic</ownerDesignName>
<engineerTo>
<item key="2FA2552F-0C8A-803A-0959-77A1AFAB2C58" value="true"/>
</engineerTo>
<adequatelyNormalized>NO</adequatelyNormalized>
<expectedVolumes>0</expectedVolumes>
<fwdEngineeringStrategyName>Single Table</fwdEngineeringStrategyName>
<growthPercent>0</growthPercent>
<growthType>Year</growthType>
<maxVolumes>9999999</maxVolumes>
<minVolumes>0</minVolumes>
<normalForm>Third</normalForm>
<attributes itemClass="oracle.dbtools.crest.model.design.logical.Attribute">
<Attribute name="identyfikator_sklepu" id="FCC49D72-81E9-A16E-80C2-142BD4911C85">
<createdBy>pawlo</createdBy>
<createdTime>2024-11-05 18:32:59 UTC</createdTime>
<ownerDesignName>basic</ownerDesignName>
<engineerTo>
<item key="2FA2552F-0C8A-803A-0959-77A1AFAB2C58" value="true"/>
</engineerTo>
<useDomainConstraints>false</useDomainConstraints>
<use>1</use>
<logicalDatatype>LOGDT011</logicalDatatype>
<ownDataTypeParameters>,,</ownDataTypeParameters>
</Attribute>
<Attribute name="adres" id="661923F9-9FD2-FB78-F8EF-13121E9B1B15">
<createdBy>pawlo</createdBy>
<createdTime>2024-11-05 18:32:59 UTC</createdTime>
<ownerDesignName>basic</ownerDesignName>
<engineerTo>
<item key="2FA2552F-0C8A-803A-0959-77A1AFAB2C58" value="true"/>
</engineerTo>
<useDomainConstraints>false</useDomainConstraints>
<use>1</use>
<logicalDatatype>LOGDT024</logicalDatatype>
<dataTypeSize>50</dataTypeSize>
<ownDataTypeParameters>50,,</ownDataTypeParameters>
</Attribute>
<Attribute name="otwarcie_w_tyg" id="B4ECDC78-7B91-77DE-ACF3-1E2FBA2492A2">
<createdBy>pawlo</createdBy>
<createdTime>2024-11-12 20:36:42 UTC</createdTime>
<ownerDesignName>basic</ownerDesignName>
<engineerTo>
<item key="2FA2552F-0C8A-803A-0959-77A1AFAB2C58" value="true"/>
</engineerTo>
<nullsAllowed>true</nullsAllowed>
<use>0</use>
<ownDataTypeParameters>,,</ownDataTypeParameters>
</Attribute>
<Attribute name="zamkniecie_w_tyg" id="017D0E10-6C9A-2939-A1DA-20FA5F68D288">
<createdBy>pawlo</createdBy>
<createdTime>2024-11-12 20:37:01 UTC</createdTime>
<ownerDesignName>basic</ownerDesignName>
<engineerTo>
<item key="2FA2552F-0C8A-803A-0959-77A1AFAB2C58" value="true"/>
</engineerTo>
<nullsAllowed>true</nullsAllowed>
<use>0</use>
<ownDataTypeParameters>,,</ownDataTypeParameters>
</Attribute>
<Attribute name="otwarcie_w_sobote" id="E093CF5A-22A9-48F8-D840-05B7BD194ADF">
<createdBy>pawlo</createdBy>
<createdTime>2024-11-12 20:37:03 UTC</createdTime>
<ownerDesignName>basic</ownerDesignName>
<engineerTo>
<item key="2FA2552F-0C8A-803A-0959-77A1AFAB2C58" value="true"/>
</engineerTo>
<nullsAllowed>true</nullsAllowed>
<use>0</use>
<ownDataTypeParameters>,,</ownDataTypeParameters>
</Attribute>
<Attribute name="zamkniecie_w_sobote" id="CB301824-BC39-8BC1-A687-0693E62C5326">
<createdBy>pawlo</createdBy>
<createdTime>2024-11-12 20:37:04 UTC</createdTime>
<ownerDesignName>basic</ownerDesignName>
<engineerTo>
<item key="2FA2552F-0C8A-803A-0959-77A1AFAB2C58" value="true"/>
</engineerTo>
<nullsAllowed>true</nullsAllowed>
<use>0</use>
<ownDataTypeParameters>,,</ownDataTypeParameters>
</Attribute>
</attributes>
<identifiers itemClass="oracle.dbtools.crest.model.design.logical.CandidateKey">
<identifier id="06BADFAC-B245-E44C-26E1-94B6904C705C" name="sklep PK">
<createdBy>pawlo</createdBy>
<createdTime>2024-11-05 18:33:18 UTC</createdTime>
<ownerDesignName>basic</ownerDesignName>
<engineerTo>
<item key="2FA2552F-0C8A-803A-0959-77A1AFAB2C58" value="true"/>
</engineerTo>
<pk>true</pk>
<usedAttributes>
<attributeRef>FCC49D72-81E9-A16E-80C2-142BD4911C85</attributeRef>
</usedAttributes>
</identifier>
</identifiers>
</Entity>