<?xml version = '1.0' encoding = 'UTF-8'?>
<Entity class="oracle.dbtools.crest.model.design.logical.Entity" directorySegmentName="seg_0" id="3D4C83A4-6712-EA56-8B71-340868D4FC98" name="alejka">
<createdBy>pawlo</createdBy>
<createdTime>2024-11-05 09:41:29 UTC</createdTime>
<ownerDesignName>basic</ownerDesignName>
<engineerTo>
<item key="2FA2552F-0C8A-803A-0959-77A1AFAB2C58" value="true"/>
</engineerTo>
<adequatelyNormalized>NO</adequatelyNormalized>
<expectedVolumes>0</expectedVolumes>
<fwdEngineeringStrategyName>Single Table</fwdEngineeringStrategyName>
<growthPercent>0</growthPercent>
<growthType>Year</growthType>
<maxVolumes>9999999</maxVolumes>
<minVolumes>0</minVolumes>
<normalForm>Third</normalForm>
<attributes itemClass="oracle.dbtools.crest.model.design.logical.Attribute">
<Attribute name="nr_w_sklepie" id="AB88EFEC-4B5E-92FE-E565-E483C7F62263">
<createdBy>pawlo</createdBy>
<createdTime>2024-11-05 18:46:40 UTC</createdTime>
<ownerDesignName>basic</ownerDesignName>
<engineerTo>
<item key="2FA2552F-0C8A-803A-0959-77A1AFAB2C58" value="true"/>
</engineerTo>
<useDomainConstraints>false</useDomainConstraints>
<use>1</use>
<logicalDatatype>LOGDT011</logicalDatatype>
<ownDataTypeParameters>,,</ownDataTypeParameters>
</Attribute>
<Attribute name="nazwa" id="6A8B87E9-217B-6DD4-3ECB-BC3AB404E8B9">
<createdBy>pawlo</createdBy>
<createdTime>2024-11-05 18:46:26 UTC</createdTime>
<ownerDesignName>basic</ownerDesignName>
<engineerTo>
<item key="2FA2552F-0C8A-803A-0959-77A1AFAB2C58" value="true"/>
</engineerTo>
<nullsAllowed>true</nullsAllowed>
<useDomainConstraints>false</useDomainConstraints>
<use>1</use>
<logicalDatatype>LOGDT024</logicalDatatype>
<dataTypeSize>50</dataTypeSize>
<ownDataTypeParameters>50,,</ownDataTypeParameters>
</Attribute>
<Attribute name="identyfikator_sklepu" id="051178F3-4217-7768-6215-4818E34BBE73">
<createdBy>pawlo</createdBy>
<createdTime>2024-11-05 19:33:19 UTC</createdTime>
<generatorID>DB8738E3-CCE2-475F-24D1-5434FEC9433C</generatorID>
<ownerDesignName>basic</ownerDesignName>
<engineerTo>
<item key="2FA2552F-0C8A-803A-0959-77A1AFAB2C58" value="true"/>
</engineerTo>
<referedAttribute>FCC49D72-81E9-A16E-80C2-142BD4911C85</referedAttribute>
<useDomainConstraints>false</useDomainConstraints>
<use>1</use>
<logicalDatatype>LOGDT011</logicalDatatype>
<ownDataTypeParameters>,,</ownDataTypeParameters>
</Attribute>
</attributes>
<identifiers itemClass="oracle.dbtools.crest.model.design.logical.CandidateKey">
<identifier id="262F05B0-1C73-38E9-77B0-64A148CE5DC9" name="alekja PK">
<createdBy>pawlo</createdBy>
<createdTime>2024-11-05 19:32:33 UTC</createdTime>
<ownerDesignName>basic</ownerDesignName>
<engineerTo>
<item key="2FA2552F-0C8A-803A-0959-77A1AFAB2C58" value="true"/>
</engineerTo>
<pk>true</pk>
<usedAttributes>
<attributeRef>051178F3-4217-7768-6215-4818E34BBE73</attributeRef>
<attributeRef>AB88EFEC-4B5E-92FE-E565-E483C7F62263</attributeRef>
</usedAttributes>
</identifier>
</identifiers>
</Entity>