<?xml version = '1.0' encoding = 'UTF-8'?>
<Entity class="oracle.dbtools.crest.model.design.logical.Entity" directorySegmentName="seg_0" id="683740A1-F08F-045D-74CA-B4F15274A470" name="element_zamowienia">
<createdBy>pawlo</createdBy>
<createdTime>2024-11-05 09:40:42 UTC</createdTime>
<ownerDesignName>basic</ownerDesignName>
<engineerTo>
<item key="2FA2552F-0C8A-803A-0959-77A1AFAB2C58" value="true"/>
</engineerTo>
<adequatelyNormalized>NO</adequatelyNormalized>
<expectedVolumes>0</expectedVolumes>
<fwdEngineeringStrategyName>Single Table</fwdEngineeringStrategyName>
<growthPercent>0</growthPercent>
<growthType>Year</growthType>
<maxVolumes>9999999</maxVolumes>
<minVolumes>0</minVolumes>
<normalForm>Third</normalForm>
<attributes itemClass="oracle.dbtools.crest.model.design.logical.Attribute">
<Attribute name="ilosc" id="0846EA86-FA17-817F-87C4-D149D82355B4">
<createdBy>pawlo</createdBy>
<createdTime>2024-11-05 10:04:33 UTC</createdTime>
<ownerDesignName>basic</ownerDesignName>
<engineerTo>
<item key="2FA2552F-0C8A-803A-0959-77A1AFAB2C58" value="true"/>
</engineerTo>
<useDomainConstraints>false</useDomainConstraints>
<use>1</use>
<logicalDatatype>LOGDT011</logicalDatatype>
<ownDataTypeParameters>,,</ownDataTypeParameters>
</Attribute>
<Attribute name="e-mail" id="99904942-CAC7-DCCA-7284-80DBF4B2BAC5">
<createdBy>pawlo</createdBy>
<createdTime>2024-11-05 18:35:27 UTC</createdTime>
<generatorID>B1A86068-E128-FDB3-0F58-D2B7626D6A56</generatorID>
<ownerDesignName>basic</ownerDesignName>
<engineerTo>
<item key="2FA2552F-0C8A-803A-0959-77A1AFAB2C58" value="true"/>
</engineerTo>
<referedAttribute>3830AE6B-4CEB-E01D-7601-25B80D7A967B</referedAttribute>
<use>1</use>
<logicalDatatype>LOGDT024</logicalDatatype>
<dataTypeSize>50</dataTypeSize>
<ownDataTypeParameters>,,</ownDataTypeParameters>
</Attribute>
<Attribute name="identyfikator_zamowienia" id="6ED6954C-03FE-E61D-E1F3-7EB164D34AFF">
<createdBy>pawlo</createdBy>
<createdTime>2024-11-05 18:37:21 UTC</createdTime>
<generatorID>6C5C63A1-03A3-7612-7C1F-67700B6A8EB5</generatorID>
<ownerDesignName>basic</ownerDesignName>
<engineerTo>
<item key="2FA2552F-0C8A-803A-0959-77A1AFAB2C58" value="true"/>
</engineerTo>
<referedAttribute>3A292FE4-C0AF-96AD-7EF0-C31CE17F2D3A</referedAttribute>
<use>1</use>
<logicalDatatype>LOGDT011</logicalDatatype>
<ownDataTypeParameters>,,</ownDataTypeParameters>
</Attribute>
<Attribute name="nazwa" id="EF0835BC-DD74-EDA0-A2F7-3543BF9E2D58">
<createdBy>pawlo</createdBy>
<createdTime>2024-11-05 18:38:53 UTC</createdTime>
<generatorID>5CBA57F9-4DAE-6C1C-0492-6AD7E78E49C9</generatorID>
<ownerDesignName>basic</ownerDesignName>
<engineerTo>
<item key="2FA2552F-0C8A-803A-0959-77A1AFAB2C58" value="true"/>
</engineerTo>
<referedAttribute>674EEEDD-9040-248C-2F63-5406F02C4A7F</referedAttribute>
<use>1</use>
<logicalDatatype>LOGDT024</logicalDatatype>
<dataTypeSize>50</dataTypeSize>
<ownDataTypeParameters>,,</ownDataTypeParameters>
</Attribute>
</attributes>
<identifiers itemClass="oracle.dbtools.crest.model.design.logical.CandidateKey">
<identifier id="4497EFA4-AEC2-4C37-71D8-C416EEFAA7A0" name="elenemt_koszyka PK">
<createdBy>pawlo</createdBy>
<createdTime>2024-11-05 19:01:14 UTC</createdTime>
<ownerDesignName>basic</ownerDesignName>
<engineerTo>
<item key="2FA2552F-0C8A-803A-0959-77A1AFAB2C58" value="true"/>
</engineerTo>
<pk>true</pk>
<usedAttributes>
<attributeRef>EF0835BC-DD74-EDA0-A2F7-3543BF9E2D58</attributeRef>
<attributeRef>99904942-CAC7-DCCA-7284-80DBF4B2BAC5</attributeRef>
<attributeRef>6ED6954C-03FE-E61D-E1F3-7EB164D34AFF</attributeRef>
</usedAttributes>
</identifier>
</identifiers>
</Entity>