<?xml version = '1.0' encoding = 'UTF-8'?>
<Entity class="oracle.dbtools.crest.model.design.logical.Entity" directorySegmentName="seg_0" id="76DF4D17-9AA2-BBA0-C078-D864226FE793" name="promocja">
<createdBy>pawlo</createdBy>
<createdTime>2024-11-05 09:41:52 UTC</createdTime>
<ownerDesignName>basic</ownerDesignName>
<engineerTo>
<item key="2FA2552F-0C8A-803A-0959-77A1AFAB2C58" value="true"/>
</engineerTo>
<adequatelyNormalized>NO</adequatelyNormalized>
<expectedVolumes>0</expectedVolumes>
<fwdEngineeringStrategyName>Single Table</fwdEngineeringStrategyName>
<growthPercent>0</growthPercent>
<growthType>Year</growthType>
<maxVolumes>9999999</maxVolumes>
<minVolumes>0</minVolumes>
<normalForm>Third</normalForm>
<attributes itemClass="oracle.dbtools.crest.model.design.logical.Attribute">
<Attribute name="typ" id="F82A2E27-5A0D-97B4-1CB3-299C925E0387">
<createdBy>pawlo</createdBy>
<createdTime>2024-11-05 18:39:18 UTC</createdTime>
<ownerDesignName>basic</ownerDesignName>
<engineerTo>
<item key="2FA2552F-0C8A-803A-0959-77A1AFAB2C58" value="true"/>
</engineerTo>
<useDomainConstraints>false</useDomainConstraints>
<use>1</use>
<logicalDatatype>LOGDT024</logicalDatatype>
<dataTypeSize>50</dataTypeSize>
<ownDataTypeParameters>50,,</ownDataTypeParameters>
</Attribute>
<Attribute name="data_rozpoczecia" id="0A38844C-7D09-BE3A-33D3-A79ECEF722DB">
<createdBy>pawlo</createdBy>
<createdTime>2024-11-05 18:39:19 UTC</createdTime>
<ownerDesignName>basic</ownerDesignName>
<engineerTo>
<item key="2FA2552F-0C8A-803A-0959-77A1AFAB2C58" value="true"/>
</engineerTo>
<useDomainConstraints>false</useDomainConstraints>
<use>1</use>
<logicalDatatype>LOGDT007</logicalDatatype>
<ownDataTypeParameters>,,</ownDataTypeParameters>
</Attribute>
<Attribute name="data_zakonczenia" id="8F3B6F7E-7DEC-4E9C-F072-99B571690FC8">
<createdBy>pawlo</createdBy>
<createdTime>2024-11-05 18:39:55 UTC</createdTime>
<ownerDesignName>basic</ownerDesignName>
<engineerTo>
<item key="2FA2552F-0C8A-803A-0959-77A1AFAB2C58" value="true"/>
</engineerTo>
<useDomainConstraints>false</useDomainConstraints>
<use>1</use>
<logicalDatatype>LOGDT007</logicalDatatype>
<ownDataTypeParameters>,,</ownDataTypeParameters>
</Attribute>
<Attribute name="procent" id="E45A36B5-6873-0B4B-7AEF-ED9FF7EADDA4">
<createdBy>pawlo</createdBy>
<createdTime>2024-11-05 18:39:18 UTC</createdTime>
<ownerDesignName>basic</ownerDesignName>
<engineerTo>
<item key="2FA2552F-0C8A-803A-0959-77A1AFAB2C58" value="true"/>
</engineerTo>
<nullsAllowed>true</nullsAllowed>
<useDomainConstraints>false</useDomainConstraints>
<use>1</use>
<logicalDatatype>LOGDT011</logicalDatatype>
<ownDataTypeParameters>,,</ownDataTypeParameters>
</Attribute>
<Attribute name="nazwa" id="F619EF7B-2B97-753D-E117-518CE61EA63F">
<createdBy>pawlo</createdBy>
<createdTime>2024-11-05 18:38:53 UTC</createdTime>
<generatorID>C6CCFCF1-D203-C014-4A8A-FFDEC8CACC18</generatorID>
<ownerDesignName>basic</ownerDesignName>
<engineerTo>
<item key="2FA2552F-0C8A-803A-0959-77A1AFAB2C58" value="true"/>
</engineerTo>
<referedAttribute>674EEEDD-9040-248C-2F63-5406F02C4A7F</referedAttribute>
<useDomainConstraints>false</useDomainConstraints>
<use>1</use>
<logicalDatatype>LOGDT024</logicalDatatype>
<dataTypeSize>50</dataTypeSize>
<ownDataTypeParameters>50,,</ownDataTypeParameters>
</Attribute>
<Attribute name="identyfikator_sklepu" id="B2F61004-A1FB-1AF8-D97F-EDD8E647417C">
<createdBy>pawlo</createdBy>
<createdTime>2024-11-05 19:33:19 UTC</createdTime>
<generatorID>ACB75DDC-5549-119F-998E-B2B35D13A179</generatorID>
<ownerDesignName>basic</ownerDesignName>
<engineerTo>
<item key="2FA2552F-0C8A-803A-0959-77A1AFAB2C58" value="true"/>
</engineerTo>
<referedAttribute>FCC49D72-81E9-A16E-80C2-142BD4911C85</referedAttribute>
<useDomainConstraints>false</useDomainConstraints>
<use>1</use>
<logicalDatatype>LOGDT011</logicalDatatype>
<ownDataTypeParameters>,,</ownDataTypeParameters>
</Attribute>
</attributes>
<identifiers itemClass="oracle.dbtools.crest.model.design.logical.CandidateKey">
<identifier id="79C691C5-F97F-2277-2A8E-62079AB3ED5C" name="kupon PK">
<createdBy>pawlo</createdBy>
<createdTime>2024-11-05 18:40:10 UTC</createdTime>
<ownerDesignName>basic</ownerDesignName>
<engineerTo>
<item key="2FA2552F-0C8A-803A-0959-77A1AFAB2C58" value="true"/>
</engineerTo>
<pk>true</pk>
<usedAttributes>
<attributeRef>0A38844C-7D09-BE3A-33D3-A79ECEF722DB</attributeRef>
<attributeRef>8F3B6F7E-7DEC-4E9C-F072-99B571690FC8</attributeRef>
<attributeRef>B2F61004-A1FB-1AF8-D97F-EDD8E647417C</attributeRef>
<attributeRef>F619EF7B-2B97-753D-E117-518CE61EA63F</attributeRef>
<attributeRef>F82A2E27-5A0D-97B4-1CB3-299C925E0387</attributeRef>
</usedAttributes>
</identifier>
</identifiers>
</Entity>