<?xml version = '1.0' encoding = 'UTF-8'?>
<Entity class="oracle.dbtools.crest.model.design.logical.Entity" directorySegmentName="seg_0" id="7A1245C0-06FC-2E38-4207-57C01D4A6080" name="element_lodowki">
<createdBy>pawlo</createdBy>
<createdTime>2024-11-05 09:41:55 UTC</createdTime>
<ownerDesignName>basic</ownerDesignName>
<engineerTo>
<item key="2FA2552F-0C8A-803A-0959-77A1AFAB2C58" value="true"/>
</engineerTo>
<adequatelyNormalized>NO</adequatelyNormalized>
<expectedVolumes>0</expectedVolumes>
<fwdEngineeringStrategyName>Single Table</fwdEngineeringStrategyName>
<growthPercent>0</growthPercent>
<growthType>Year</growthType>
<maxVolumes>9999999</maxVolumes>
<minVolumes>0</minVolumes>
<normalForm>Third</normalForm>
<attributes itemClass="oracle.dbtools.crest.model.design.logical.Attribute">
<Attribute name="e-mail" id="80C27776-BBB2-E519-7173-4CE216A8BA2D">
<createdBy>pawlo</createdBy>
<createdTime>2024-11-05 18:35:27 UTC</createdTime>
<generatorID>FC8C4EE5-05B1-A6D9-14A6-92FAD7F7949B</generatorID>
<ownerDesignName>basic</ownerDesignName>
<engineerTo>
<item key="2FA2552F-0C8A-803A-0959-77A1AFAB2C58" value="true"/>
</engineerTo>
<referedAttribute>3830AE6B-4CEB-E01D-7601-25B80D7A967B</referedAttribute>
<useDomainConstraints>false</useDomainConstraints>
<use>1</use>
<logicalDatatype>LOGDT024</logicalDatatype>
<dataTypeSize>50</dataTypeSize>
<ownDataTypeParameters>,,</ownDataTypeParameters>
</Attribute>
<Attribute name="nazwa" id="59466C4F-8E1E-B6DB-69B3-77793CC964A6">
<createdBy>pawlo</createdBy>
<createdTime>2024-11-05 18:38:53 UTC</createdTime>
<generatorID>F9EFEC0F-F0A9-190D-DA44-6064A94B85A9</generatorID>
<ownerDesignName>basic</ownerDesignName>
<engineerTo>
<item key="2FA2552F-0C8A-803A-0959-77A1AFAB2C58" value="true"/>
</engineerTo>
<referedAttribute>674EEEDD-9040-248C-2F63-5406F02C4A7F</referedAttribute>
<useDomainConstraints>false</useDomainConstraints>
<use>1</use>
<logicalDatatype>LOGDT024</logicalDatatype>
<dataTypeSize>50</dataTypeSize>
<ownDataTypeParameters>,,</ownDataTypeParameters>
</Attribute>
<Attribute name="ilosc" id="E8375443-DA86-9F3F-0E9B-9A7176790615">
<createdBy>pawlo</createdBy>
<createdTime>2024-11-05 18:42:01 UTC</createdTime>
<ownerDesignName>basic</ownerDesignName>
<engineerTo>
<item key="2FA2552F-0C8A-803A-0959-77A1AFAB2C58" value="true"/>
</engineerTo>
<useDomainConstraints>false</useDomainConstraints>
<use>1</use>
<logicalDatatype>LOGDT011</logicalDatatype>
<ownDataTypeParameters>,,</ownDataTypeParameters>
</Attribute>
</attributes>
<identifiers itemClass="oracle.dbtools.crest.model.design.logical.CandidateKey">
<identifier id="FE360CF6-4E0A-21E1-5634-2BAAC1F13C68" name="element_lodowki PK">
<createdBy>pawlo</createdBy>
<createdTime>2024-11-05 19:16:28 UTC</createdTime>
<ownerDesignName>basic</ownerDesignName>
<engineerTo>
<item key="2FA2552F-0C8A-803A-0959-77A1AFAB2C58" value="true"/>
</engineerTo>
<pk>true</pk>
<usedAttributes>
<attributeRef>59466C4F-8E1E-B6DB-69B3-77793CC964A6</attributeRef>
<attributeRef>80C27776-BBB2-E519-7173-4CE216A8BA2D</attributeRef>
</usedAttributes>
</identifier>
</identifiers>
</Entity>