<?xml version = '1.0' encoding = 'UTF-8'?>
<Entity class="oracle.dbtools.crest.model.design.logical.Entity" directorySegmentName="seg_0" id="AC50443E-7D32-31B7-17E5-8CD5A0B4ADA6" name="produkt_w_asortymencie">
<createdBy>pawlo</createdBy>
<createdTime>2024-11-05 09:41:24 UTC</createdTime>
<ownerDesignName>basic</ownerDesignName>
<engineerTo>
<item key="2FA2552F-0C8A-803A-0959-77A1AFAB2C58" value="true"/>
</engineerTo>
<adequatelyNormalized>NO</adequatelyNormalized>
<expectedVolumes>0</expectedVolumes>
<fwdEngineeringStrategyName>Single Table</fwdEngineeringStrategyName>
<growthPercent>0</growthPercent>
<growthType>Year</growthType>
<maxVolumes>9999999</maxVolumes>
<minVolumes>0</minVolumes>
<normalForm>Third</normalForm>
<attributes itemClass="oracle.dbtools.crest.model.design.logical.Attribute">
<Attribute name="nazwa" id="11BAB626-B5B0-D8F1-333F-F8045BD33AE0">
<createdBy>pawlo</createdBy>
<createdTime>2024-11-05 18:38:53 UTC</createdTime>
<generatorID>7DCF9795-3401-3277-1BB9-12111E129930</generatorID>
<ownerDesignName>basic</ownerDesignName>
<engineerTo>
<item key="2FA2552F-0C8A-803A-0959-77A1AFAB2C58" value="true"/>
</engineerTo>
<referedAttribute>674EEEDD-9040-248C-2F63-5406F02C4A7F</referedAttribute>
<useDomainConstraints>false</useDomainConstraints>
<use>1</use>
<logicalDatatype>LOGDT024</logicalDatatype>
<dataTypeSize>50</dataTypeSize>
<ownDataTypeParameters>,,</ownDataTypeParameters>
</Attribute>
<Attribute name="ilosc" id="0446EFFD-449D-C0DD-DAAE-3C7585552EA3">
<createdBy>pawlo</createdBy>
<createdTime>2024-11-05 18:45:16 UTC</createdTime>
<ownerDesignName>basic</ownerDesignName>
<engineerTo>
<item key="2FA2552F-0C8A-803A-0959-77A1AFAB2C58" value="true"/>
</engineerTo>
<useDomainConstraints>false</useDomainConstraints>
<use>1</use>
<logicalDatatype>LOGDT011</logicalDatatype>
<ownDataTypeParameters>,,</ownDataTypeParameters>
</Attribute>
<Attribute name="identyfikator_sklepu" id="54831A2A-B01D-9D22-D768-61B61A1E76BB">
<createdBy>pawlo</createdBy>
<createdTime>2024-11-05 19:33:19 UTC</createdTime>
<generatorID>A97F8ECD-32AF-6167-3266-989DDCE18723</generatorID>
<ownerDesignName>basic</ownerDesignName>
<engineerTo>
<item key="2FA2552F-0C8A-803A-0959-77A1AFAB2C58" value="true"/>
</engineerTo>
<referedAttribute>FCC49D72-81E9-A16E-80C2-142BD4911C85</referedAttribute>
<use>1</use>
<logicalDatatype>LOGDT011</logicalDatatype>
<ownDataTypeParameters>,,</ownDataTypeParameters>
</Attribute>
</attributes>
<identifiers itemClass="oracle.dbtools.crest.model.design.logical.CandidateKey">
<identifier id="89A20469-BC2E-1E96-48C6-C6DE5C1C7EA5" name="produkt_w_asortymencie PK">
<createdBy>pawlo</createdBy>
<createdTime>2024-11-05 19:07:26 UTC</createdTime>
<ownerDesignName>basic</ownerDesignName>
<engineerTo>
<item key="2FA2552F-0C8A-803A-0959-77A1AFAB2C58" value="true"/>
</engineerTo>
<pk>true</pk>
<usedAttributes>
<attributeRef>54831A2A-B01D-9D22-D768-61B61A1E76BB</attributeRef>
<attributeRef>11BAB626-B5B0-D8F1-333F-F8045BD33AE0</attributeRef>
</usedAttributes>
</identifier>
</identifiers>
</Entity>