<?xml version = '1.0' encoding = 'UTF-8'?>
<Entity class="oracle.dbtools.crest.model.design.logical.Entity" directorySegmentName="seg_0" id="D5B20E5C-8EDA-6ECE-21B5-6B226E6C5F27" name="skladnik">
<createdBy>pawlo</createdBy>
<createdTime>2024-11-05 09:41:40 UTC</createdTime>
<ownerDesignName>basic</ownerDesignName>
<engineerTo>
<item key="2FA2552F-0C8A-803A-0959-77A1AFAB2C58" value="true"/>
</engineerTo>
<adequatelyNormalized>NO</adequatelyNormalized>
<expectedVolumes>0</expectedVolumes>
<fwdEngineeringStrategyName>Single Table</fwdEngineeringStrategyName>
<growthPercent>0</growthPercent>
<growthType>Year</growthType>
<maxVolumes>9999999</maxVolumes>
<minVolumes>0</minVolumes>
<normalForm>Third</normalForm>
<attributes itemClass="oracle.dbtools.crest.model.design.logical.Attribute">
<Attribute name="nazwa" id="16BAB409-2600-AF9A-1CE7-C7F14C6F5613">
<createdBy>pawlo</createdBy>
<createdTime>2024-11-05 18:38:53 UTC</createdTime>
<generatorID>6CB9DB8A-89E6-D3A2-7D05-F93D4A50DD06</generatorID>
<ownerDesignName>basic</ownerDesignName>
<engineerTo>
<item key="2FA2552F-0C8A-803A-0959-77A1AFAB2C58" value="true"/>
</engineerTo>
<referedAttribute>674EEEDD-9040-248C-2F63-5406F02C4A7F</referedAttribute>
<useDomainConstraints>false</useDomainConstraints>
<use>1</use>
<logicalDatatype>LOGDT024</logicalDatatype>
<dataTypeSize>50</dataTypeSize>
<ownDataTypeParameters>,,</ownDataTypeParameters>
</Attribute>
<Attribute name="nazwa1" id="882D475C-8002-6337-C50E-1E4E234C2D65">
<createdBy>pawlo</createdBy>
<createdTime>2024-11-05 18:42:45 UTC</createdTime>
<generatorID>03B2EC5F-9569-390A-3FF7-D31546EC0E76</generatorID>
<ownerDesignName>basic</ownerDesignName>
<engineerTo>
<item key="2FA2552F-0C8A-803A-0959-77A1AFAB2C58" value="true"/>
</engineerTo>
<referedAttribute>C1BF63E8-4BE7-1407-4214-99E2EAA61FB1</referedAttribute>
<use>1</use>
<logicalDatatype>LOGDT024</logicalDatatype>
<dataTypeSize>50</dataTypeSize>
<ownDataTypeParameters>,,</ownDataTypeParameters>
</Attribute>
<Attribute name="ilosc" id="E6AFF011-08E4-52D3-2F22-62ECE668F983">
<createdBy>pawlo</createdBy>
<createdTime>2024-11-05 18:42:48 UTC</createdTime>
<ownerDesignName>basic</ownerDesignName>
<engineerTo>
<item key="2FA2552F-0C8A-803A-0959-77A1AFAB2C58" value="true"/>
</engineerTo>
<useDomainConstraints>false</useDomainConstraints>
<use>1</use>
<logicalDatatype>LOGDT011</logicalDatatype>
<ownDataTypeParameters>,,</ownDataTypeParameters>
</Attribute>
</attributes>
<identifiers itemClass="oracle.dbtools.crest.model.design.logical.CandidateKey">
<identifier id="EBE5CD91-3069-5CC3-149D-2C169D0BCFB4" name="skladnik PK">
<createdBy>pawlo</createdBy>
<createdTime>2024-11-05 18:43:17 UTC</createdTime>
<ownerDesignName>basic</ownerDesignName>
<engineerTo>
<item key="2FA2552F-0C8A-803A-0959-77A1AFAB2C58" value="true"/>
</engineerTo>
<pk>true</pk>
<usedAttributes>
<attributeRef>16BAB409-2600-AF9A-1CE7-C7F14C6F5613</attributeRef>
<attributeRef>882D475C-8002-6337-C50E-1E4E234C2D65</attributeRef>
</usedAttributes>
</identifier>
</identifiers>
</Entity>