<?xml version = '1.0' encoding = 'UTF-8'?>
<Entity class="oracle.dbtools.crest.model.design.logical.Entity" directorySegmentName="seg_0" id="E624EA80-F5E8-504A-2632-A3644DBB691D" name="zamowienie">
<createdBy>pawlo</createdBy>
<createdTime>2024-11-05 09:41:33 UTC</createdTime>
<ownerDesignName>basic</ownerDesignName>
<engineerTo>
<item key="2FA2552F-0C8A-803A-0959-77A1AFAB2C58" value="true"/>
</engineerTo>
<adequatelyNormalized>NO</adequatelyNormalized>
<expectedVolumes>0</expectedVolumes>
<fwdEngineeringStrategyName>Single Table</fwdEngineeringStrategyName>
<growthPercent>0</growthPercent>
<growthType>Year</growthType>
<maxVolumes>9999999</maxVolumes>
<minVolumes>0</minVolumes>
<normalForm>Third</normalForm>
<attributes itemClass="oracle.dbtools.crest.model.design.logical.Attribute">
<Attribute name="identyfikator_zamowienia" id="3A292FE4-C0AF-96AD-7EF0-C31CE17F2D3A">
<createdBy>pawlo</createdBy>
<createdTime>2024-11-05 10:29:27 UTC</createdTime>
<ownerDesignName>basic</ownerDesignName>
<engineerTo>
<item key="2FA2552F-0C8A-803A-0959-77A1AFAB2C58" value="true"/>
</engineerTo>
<useDomainConstraints>false</useDomainConstraints>
<use>1</use>
<logicalDatatype>LOGDT011</logicalDatatype>
<ownDataTypeParameters>,,</ownDataTypeParameters>
</Attribute>
<Attribute name="stan" id="84630C41-BDC6-23EC-2EB1-1DD56D0A22C2">
<createdBy>pawlo</createdBy>
<createdTime>2024-11-05 10:29:28 UTC</createdTime>
<ownerDesignName>basic</ownerDesignName>
<engineerTo>
<item key="2FA2552F-0C8A-803A-0959-77A1AFAB2C58" value="true"/>
</engineerTo>
<useDomainConstraints>false</useDomainConstraints>
<use>1</use>
<logicalDatatype>LOGDT024</logicalDatatype>
<dataTypeSize>50</dataTypeSize>
<ownDataTypeParameters>50,,</ownDataTypeParameters>
</Attribute>
<Attribute name="cena_sumaryczna" id="7166BE6B-1629-D916-69AC-3513309EF064">
<createdBy>pawlo</createdBy>
<createdTime>2024-11-05 10:29:46 UTC</createdTime>
<ownerDesignName>basic</ownerDesignName>
<engineerTo>
<item key="2FA2552F-0C8A-803A-0959-77A1AFAB2C58" value="true"/>
</engineerTo>
<useDomainConstraints>false</useDomainConstraints>
<use>1</use>
<logicalDatatype>LOGDT021</logicalDatatype>
<dataTypePrecision>10</dataTypePrecision>
<dataTypeScale>2</dataTypeScale>
<ownDataTypeParameters>,10,2</ownDataTypeParameters>
</Attribute>
<Attribute name="data" id="96450A7C-D2C5-5C23-BE35-F1EE74826F50">
<createdBy>pawlo</createdBy>
<createdTime>2024-11-05 10:29:47 UTC</createdTime>
<ownerDesignName>basic</ownerDesignName>
<engineerTo>
<item key="2FA2552F-0C8A-803A-0959-77A1AFAB2C58" value="true"/>
</engineerTo>
<useDomainConstraints>false</useDomainConstraints>
<use>1</use>
<logicalDatatype>LOGDT007</logicalDatatype>
<ownDataTypeParameters>,,</ownDataTypeParameters>
</Attribute>
<Attribute name="e-mail" id="1996651F-6588-57DA-29B5-F553003C2465">
<createdBy>pawlo</createdBy>
<createdTime>2024-11-05 18:35:27 UTC</createdTime>
<generatorID>C3E7EC1E-D365-BBBA-EB25-9BC330BDE021</generatorID>
<ownerDesignName>basic</ownerDesignName>
<engineerTo>
<item key="2FA2552F-0C8A-803A-0959-77A1AFAB2C58" value="true"/>
</engineerTo>
<referedAttribute>3830AE6B-4CEB-E01D-7601-25B80D7A967B</referedAttribute>
<useDomainConstraints>false</useDomainConstraints>
<use>1</use>
<logicalDatatype>LOGDT024</logicalDatatype>
<dataTypeSize>50</dataTypeSize>
<ownDataTypeParameters>50,,</ownDataTypeParameters>
</Attribute>
</attributes>
<identifiers itemClass="oracle.dbtools.crest.model.design.logical.CandidateKey">
<identifier id="4DECD8B1-658E-92E8-A431-E1C7169DBDB2" name="zamowienie PK">
<createdBy>pawlo</createdBy>
<createdTime>2024-11-05 18:37:12 UTC</createdTime>
<ownerDesignName>basic</ownerDesignName>
<engineerTo>
<item key="2FA2552F-0C8A-803A-0959-77A1AFAB2C58" value="true"/>
</engineerTo>
<pk>true</pk>
<usedAttributes>
<attributeRef>3A292FE4-C0AF-96AD-7EF0-C31CE17F2D3A</attributeRef>
</usedAttributes>
</identifier>
</identifiers>
</Entity>