<?xml version = '1.0' encoding = 'UTF-8'?>
<Diagram class="oracle.dbtools.crest.swingui.logical.DPVLogical" name="Logical" id="DE7853A9-8E09-1D60-9D46-B42DCA628D80">
<createdBy>pawlo</createdBy>
<modifiedBy>pawlo</modifiedBy>
<createdTime>2024-11-05 09:37:04 UTC</createdTime>
<autoRoute>false</autoRoute>
<boxInbox>true</boxInbox>
<showLegend>false</showLegend>
<showLabels>true</showLabels>
<showRelAttributes>false</showRelAttributes>
<gridEnabled>false</gridEnabled>
<showGrid>false</showGrid>
<diagramColor>-1</diagramColor>
<display>false</display>
<notation>1</notation>
<objectViews>
<OView class="oracle.dbtools.crest.swingui.logical.TVEntity" oid="04B16407-6BB8-D4AF-4DAC-E46D96F56AC5" otype="Entity" vid="596C0F74-53EE-0E0E-CE9C-86FA05CF9451">
<hideElementsInCurrentOnly>false</hideElementsInCurrentOnly>
<bounds x="487" y="335" width="137" height="96"/>
</OView>
<OView class="oracle.dbtools.crest.swingui.logical.TVEntity" oid="105BCC75-81A0-A798-121C-967D6B8668FD" otype="Entity" vid="87A66DD4-EF6F-39A1-36D2-542942B4AD43">
<hideElementsInCurrentOnly>false</hideElementsInCurrentOnly>
<bounds x="349" y="10" width="170" height="110"/>
</OView>
<OView class="oracle.dbtools.crest.swingui.logical.TVEntity" oid="1B9B73F4-52A1-2E35-BE7C-4EDFC1BF2E47" otype="Entity" vid="F94BD65E-C7B9-2CA8-085A-F8E4DCDA4E31">
<hideElementsInCurrentOnly>false</hideElementsInCurrentOnly>
<bounds x="386" y="203" width="130" height="88"/>
</OView>
<OView class="oracle.dbtools.crest.swingui.logical.TVEntity" oid="3D4C83A4-6712-EA56-8B71-340868D4FC98" otype="Entity" vid="D1F04D31-9EA9-6590-ED7E-EDF9077A870B">
<hideElementsInCurrentOnly>false</hideElementsInCurrentOnly>
<bounds x="66" y="15" width="116" height="97"/>
</OView>
<OView class="oracle.dbtools.crest.swingui.logical.TVEntity" oid="4F802BF8-AD9A-0204-DCE2-30778F775AA0" otype="Entity" vid="E2070B36-375B-CA4C-377B-9AE509E83582">
<hideElementsInCurrentOnly>false</hideElementsInCurrentOnly>
<bounds x="363" y="759" width="160" height="94"/>
</OView>
<OView class="oracle.dbtools.crest.swingui.logical.TVEntity" oid="5D23FE11-EFF3-757B-B969-6B2F5F9DCAE6" otype="Entity" vid="5E136F52-98DB-5185-A5D9-D92C5EDDCE2C">
<hideElementsInCurrentOnly>false</hideElementsInCurrentOnly>
<bounds x="65" y="755" width="116" height="96"/>
</OView>
<OView class="oracle.dbtools.crest.swingui.logical.TVEntity" oid="683740A1-F08F-045D-74CA-B4F15274A470" otype="Entity" vid="134F53CF-D47C-331B-F35B-5DE4B6086615">
<hideElementsInCurrentOnly>false</hideElementsInCurrentOnly>
<bounds x="784" y="470" width="139" height="111"/>
</OView>
<OView class="oracle.dbtools.crest.swingui.logical.TVEntity" oid="76DF4D17-9AA2-BBA0-C078-D864226FE793" otype="Entity" vid="9841C2FD-0245-147A-57FF-A6364363DC10">
<hideElementsInCurrentOnly>false</hideElementsInCurrentOnly>
<bounds x="783" y="261" width="145" height="94"/>
</OView>
<OView class="oracle.dbtools.crest.swingui.logical.TVEntity" oid="7A1245C0-06FC-2E38-4207-57C01D4A6080" otype="Entity" vid="C4F5963E-0801-9129-F904-0BDA73AD72D6">
<hideElementsInCurrentOnly>false</hideElementsInCurrentOnly>
<bounds x="284" y="486" width="138" height="101"/>
</OView>
<OView class="oracle.dbtools.crest.swingui.logical.TVEntity" oid="AC50443E-7D32-31B7-17E5-8CD5A0B4ADA6" otype="Entity" vid="C2B61822-6529-A437-0A56-7366D6BB2A18">
<hideElementsInCurrentOnly>false</hideElementsInCurrentOnly>
<bounds x="63" y="269" width="121" height="94"/>
</OView>
<OView class="oracle.dbtools.crest.swingui.logical.TVEntity" oid="D5B20E5C-8EDA-6ECE-21B5-6B226E6C5F27" otype="Entity" vid="630EFFED-CD03-0F03-8C9B-2EDC547FF731">
<hideElementsInCurrentOnly>false</hideElementsInCurrentOnly>
<bounds x="55" y="395" width="131" height="85"/>
</OView>
<OView class="oracle.dbtools.crest.swingui.logical.TVEntity" oid="E624EA80-F5E8-504A-2632-A3644DBB691D" otype="Entity" vid="53EAD3C6-32F9-A489-76BF-5BA63D6CFB93">
<hideElementsInCurrentOnly>false</hideElementsInCurrentOnly>
<bounds x="778" y="733" width="152" height="107"/>
</OView>
</objectViews>
<connectors>
<Connector class="oracle.dbtools.crest.swingui.logical.TVRelation" oid="03B2EC5F-9569-390A-3FF7-D31546EC0E76" otype="Relation" vid_source="5E136F52-98DB-5185-A5D9-D92C5EDDCE2C" vid_target="630EFFED-CD03-0F03-8C9B-2EDC547FF731">
<hideElementsInCurrentOnly>false</hideElementsInCurrentOnly>
<backgroundColor>-16777216</backgroundColor>
<lineWidth>1</lineWidth>
<sourceLabel class="oracle.dbtools.crest.model.design.Label">
<site>0</site>
<labelBounds x="123" y="729" width="63" height="20"/>
<noBackgroundColor>true</noBackgroundColor>
<noForegroundColor>true</noForegroundColor>
</sourceLabel>
<targetLabel class="oracle.dbtools.crest.model.design.Label">
<site>2</site>
<labelBounds x="123" y="506" width="72" height="20"/>
<noBackgroundColor>true</noBackgroundColor>
<noForegroundColor>true</noForegroundColor>
</targetLabel>
<points>
<point x="123" y="755"/>
<point x="123" y="480"/>
</points>
</Connector>
<Connector class="oracle.dbtools.crest.swingui.logical.TVRelation" oid="59A6BAA6-1FBC-6071-6807-5382960AE475" otype="Relation" vid_source="D1F04D31-9EA9-6590-ED7E-EDF9077A870B" vid_target="C2B61822-6529-A437-0A56-7366D6BB2A18">
<hideElementsInCurrentOnly>false</hideElementsInCurrentOnly>
<backgroundColor>-16777216</backgroundColor>
<lineWidth>1</lineWidth>
<sourceLabel class="oracle.dbtools.crest.model.design.Label">
<site>0</site>
<labelBounds x="139" y="148" width="51" height="30"/>
<noBackgroundColor>true</noBackgroundColor>
<noForegroundColor>true</noForegroundColor>
</sourceLabel>
<targetLabel class="oracle.dbtools.crest.model.design.Label">
<site>2</site>
<labelBounds x="139" y="233" width="82" height="30"/>
<noBackgroundColor>true</noBackgroundColor>
<noForegroundColor>true</noForegroundColor>
</targetLabel>
<points>
<point x="139" y="112"/>
<point x="139" y="269"/>
</points>
</Connector>
<Connector class="oracle.dbtools.crest.swingui.logical.TVRelation" oid="5CBA57F9-4DAE-6C1C-0492-6AD7E78E49C9" otype="Relation" vid_source="596C0F74-53EE-0E0E-CE9C-86FA05CF9451" vid_target="134F53CF-D47C-331B-F35B-5DE4B6086615">
<hideElementsInCurrentOnly>false</hideElementsInCurrentOnly>
<backgroundColor>-16777216</backgroundColor>
<lineWidth>1</lineWidth>
<sourceLabel class="oracle.dbtools.crest.model.design.Label">
<site>0</site>
<labelBounds x="634" y="415" width="56" height="20"/>
<noBackgroundColor>true</noBackgroundColor>
<noForegroundColor>true</noForegroundColor>
</sourceLabel>
<targetLabel class="oracle.dbtools.crest.model.design.Label">
<site>2</site>
<labelBounds x="752" y="492" width="26" height="20"/>
<noBackgroundColor>true</noBackgroundColor>
<noForegroundColor>true</noForegroundColor>
</targetLabel>
<points>
<point x="624" y="415"/>
<point x="784" y="492"/>
</points>
</Connector>
<Connector class="oracle.dbtools.crest.swingui.logical.TVRelation" oid="68FB8747-E4C9-2594-D6BB-B7B97928B847" otype="Relation" vid_source="87A66DD4-EF6F-39A1-36D2-542942B4AD43" vid_target="F94BD65E-C7B9-2CA8-085A-F8E4DCDA4E31">
<hideElementsInCurrentOnly>false</hideElementsInCurrentOnly>
<backgroundColor>-16777216</backgroundColor>
<lineWidth>1</lineWidth>
<sourceLabel class="oracle.dbtools.crest.model.design.Label">
<site>0</site>
<labelBounds x="451" y="146" width="74" height="20"/>
<noBackgroundColor>true</noBackgroundColor>
<noForegroundColor>true</noForegroundColor>
</sourceLabel>
<targetLabel class="oracle.dbtools.crest.model.design.Label">
<site>2</site>
<labelBounds x="451" y="177" width="47" height="20"/>
<noBackgroundColor>true</noBackgroundColor>
<noForegroundColor>true</noForegroundColor>
</targetLabel>
<points>
<point x="451" y="120"/>
<point x="451" y="203"/>
</points>
</Connector>
<Connector class="oracle.dbtools.crest.swingui.logical.TVRelation" oid="6C5C63A1-03A3-7612-7C1F-67700B6A8EB5" otype="Relation" vid_source="53EAD3C6-32F9-A489-76BF-5BA63D6CFB93" vid_target="134F53CF-D47C-331B-F35B-5DE4B6086615">
<hideElementsInCurrentOnly>false</hideElementsInCurrentOnly>
<backgroundColor>-16777216</backgroundColor>
<lineWidth>1</lineWidth>
<sourceLabel class="oracle.dbtools.crest.model.design.Label">
<site>0</site>
<labelBounds x="853" y="707" width="63" height="20"/>
<noBackgroundColor>true</noBackgroundColor>
<noForegroundColor>true</noForegroundColor>
</sourceLabel>
<targetLabel class="oracle.dbtools.crest.model.design.Label">
<site>2</site>
<labelBounds x="853" y="615" width="72" height="20"/>
<noBackgroundColor>true</noBackgroundColor>
<noForegroundColor>true</noForegroundColor>
</targetLabel>
<points>
<point x="853" y="733"/>
<point x="853" y="581"/>
</points>
</Connector>
<Connector class="oracle.dbtools.crest.swingui.logical.TVRelation" oid="6CB9DB8A-89E6-D3A2-7D05-F93D4A50DD06" otype="Relation" vid_source="596C0F74-53EE-0E0E-CE9C-86FA05CF9451" vid_target="630EFFED-CD03-0F03-8C9B-2EDC547FF731">
<hideElementsInCurrentOnly>false</hideElementsInCurrentOnly>
<backgroundColor>-16777216</backgroundColor>
<lineWidth>1</lineWidth>
<sourceLabel class="oracle.dbtools.crest.model.design.Label">
<site>0</site>
<labelBounds x="425" y="393" width="56" height="20"/>
<noBackgroundColor>true</noBackgroundColor>
<noForegroundColor>true</noForegroundColor>
</sourceLabel>
<targetLabel class="oracle.dbtools.crest.model.design.Label">
<site>2</site>
<labelBounds x="196" y="416" width="26" height="20"/>
<noBackgroundColor>true</noBackgroundColor>
<noForegroundColor>true</noForegroundColor>
</targetLabel>
<points>
<point x="487" y="413"/>
<point x="186" y="413"/>
</points>
</Connector>
<Connector class="oracle.dbtools.crest.swingui.logical.TVRelation" oid="7DCF9795-3401-3277-1BB9-12111E129930" otype="Relation" vid_source="596C0F74-53EE-0E0E-CE9C-86FA05CF9451" vid_target="C2B61822-6529-A437-0A56-7366D6BB2A18">
<hideElementsInCurrentOnly>false</hideElementsInCurrentOnly>
<backgroundColor>-16777216</backgroundColor>
<lineWidth>1</lineWidth>
<sourceLabel class="oracle.dbtools.crest.model.design.Label">
<site>0</site>
<labelBounds x="425" y="329" width="56" height="20"/>
<noBackgroundColor>true</noBackgroundColor>
<noForegroundColor>true</noForegroundColor>
</sourceLabel>
<targetLabel class="oracle.dbtools.crest.model.design.Label">
<site>2</site>
<labelBounds x="194" y="352" width="26" height="20"/>
<noBackgroundColor>true</noBackgroundColor>
<noForegroundColor>true</noForegroundColor>
</targetLabel>
<points>
<point x="487" y="349"/>
<point x="184" y="349"/>
</points>
</Connector>
<Connector class="oracle.dbtools.crest.swingui.logical.TVRelation" oid="A97F8ECD-32AF-6167-3266-989DDCE18723" otype="Relation" vid_source="F94BD65E-C7B9-2CA8-085A-F8E4DCDA4E31" vid_target="C2B61822-6529-A437-0A56-7366D6BB2A18">
<hideElementsInCurrentOnly>false</hideElementsInCurrentOnly>
<backgroundColor>-16777216</backgroundColor>
<lineWidth>1</lineWidth>
<sourceLabel class="oracle.dbtools.crest.model.design.Label">
<site>0</site>
<labelBounds x="333" y="260" width="47" height="20"/>
<noBackgroundColor>true</noBackgroundColor>
<noForegroundColor>true</noForegroundColor>
</sourceLabel>
<targetLabel class="oracle.dbtools.crest.model.design.Label">
<site>2</site>
<labelBounds x="194" y="283" width="65" height="20"/>
<noBackgroundColor>true</noBackgroundColor>
<noForegroundColor>true</noForegroundColor>
</targetLabel>
<points>
<point x="386" y="280"/>
<point x="184" y="280"/>
</points>
</Connector>
<Connector class="oracle.dbtools.crest.swingui.logical.TVRelation" oid="ACB75DDC-5549-119F-998E-B2B35D13A179" otype="Relation" vid_source="F94BD65E-C7B9-2CA8-085A-F8E4DCDA4E31" vid_target="9841C2FD-0245-147A-57FF-A6364363DC10">
<hideElementsInCurrentOnly>false</hideElementsInCurrentOnly>
<backgroundColor>-16777216</backgroundColor>
<lineWidth>1</lineWidth>
<sourceLabel class="oracle.dbtools.crest.model.design.Label">
<site>0</site>
<labelBounds x="526" y="256" width="47" height="20"/>
<noBackgroundColor>true</noBackgroundColor>
<noForegroundColor>true</noForegroundColor>
</sourceLabel>
<targetLabel class="oracle.dbtools.crest.model.design.Label">
<site>2</site>
<labelBounds x="703" y="279" width="74" height="20"/>
<noBackgroundColor>true</noBackgroundColor>
<noForegroundColor>true</noForegroundColor>
</targetLabel>
<points>
<point x="516" y="276"/>
<point x="783" y="276"/>
</points>
</Connector>
<Connector class="oracle.dbtools.crest.swingui.logical.TVRelation" oid="B1A86068-E128-FDB3-0F58-D2B7626D6A56" otype="Relation" vid_source="E2070B36-375B-CA4C-377B-9AE509E83582" vid_target="134F53CF-D47C-331B-F35B-5DE4B6086615">
<hideElementsInCurrentOnly>false</hideElementsInCurrentOnly>
<backgroundColor>-16777216</backgroundColor>
<lineWidth>1</lineWidth>
<sourceLabel class="oracle.dbtools.crest.model.design.Label">
<site>0</site>
<labelBounds x="511" y="733" width="52" height="20"/>
<noBackgroundColor>true</noBackgroundColor>
<noForegroundColor>true</noForegroundColor>
</sourceLabel>
<targetLabel class="oracle.dbtools.crest.model.design.Label">
<site>2</site>
<labelBounds x="696" y="572" width="82" height="20"/>
<noBackgroundColor>true</noBackgroundColor>
<noForegroundColor>true</noForegroundColor>
</targetLabel>
<points>
<point x="511" y="759"/>
<point x="784" y="572"/>
</points>
</Connector>
<Connector class="oracle.dbtools.crest.swingui.logical.TVRelation" oid="C3E7EC1E-D365-BBBA-EB25-9BC330BDE021" otype="Relation" vid_source="E2070B36-375B-CA4C-377B-9AE509E83582" vid_target="53EAD3C6-32F9-A489-76BF-5BA63D6CFB93">
<hideElementsInCurrentOnly>false</hideElementsInCurrentOnly>
<backgroundColor>-16777216</backgroundColor>
<lineWidth>1</lineWidth>
<sourceLabel class="oracle.dbtools.crest.model.design.Label">
<site>0</site>
<labelBounds x="533" y="779" width="39" height="20"/>
<noBackgroundColor>true</noBackgroundColor>
<noForegroundColor>true</noForegroundColor>
</sourceLabel>
<targetLabel class="oracle.dbtools.crest.model.design.Label">
<site>2</site>
<labelBounds x="697" y="802" width="75" height="30"/>
<noBackgroundColor>true</noBackgroundColor>
<noForegroundColor>true</noForegroundColor>
</targetLabel>
<points>
<point x="523" y="799"/>
<point x="778" y="799"/>
</points>
</Connector>
<Connector class="oracle.dbtools.crest.swingui.logical.TVRelation" oid="C6CCFCF1-D203-C014-4A8A-FFDEC8CACC18" otype="Relation" vid_source="596C0F74-53EE-0E0E-CE9C-86FA05CF9451" vid_target="9841C2FD-0245-147A-57FF-A6364363DC10">
<hideElementsInCurrentOnly>false</hideElementsInCurrentOnly>
<backgroundColor>-16777216</backgroundColor>
<lineWidth>1</lineWidth>
<sourceLabel class="oracle.dbtools.crest.model.design.Label">
<site>0</site>
<labelBounds x="634" y="325" width="58" height="20"/>
<noBackgroundColor>true</noBackgroundColor>
<noForegroundColor>true</noForegroundColor>
</sourceLabel>
<targetLabel class="oracle.dbtools.crest.model.design.Label">
<site>2</site>
<labelBounds x="722" y="348" width="55" height="20"/>
<noBackgroundColor>true</noBackgroundColor>
<noForegroundColor>true</noForegroundColor>
</targetLabel>
<points>
<point x="624" y="345"/>
<point x="783" y="345"/>
</points>
</Connector>
<Connector class="oracle.dbtools.crest.swingui.logical.TVRelation" oid="DB8738E3-CCE2-475F-24D1-5434FEC9433C" otype="Relation" vid_source="F94BD65E-C7B9-2CA8-085A-F8E4DCDA4E31" vid_target="D1F04D31-9EA9-6590-ED7E-EDF9077A870B">
<hideElementsInCurrentOnly>false</hideElementsInCurrentOnly>
<backgroundColor>-16777216</backgroundColor>
<lineWidth>1</lineWidth>
<sourceLabel class="oracle.dbtools.crest.model.design.Label">
<site>0</site>
<labelBounds x="333" y="210" width="47" height="20"/>
<noBackgroundColor>true</noBackgroundColor>
<noForegroundColor>true</noForegroundColor>
</sourceLabel>
<targetLabel class="oracle.dbtools.crest.model.design.Label">
<site>2</site>
<labelBounds x="192" y="96" width="77" height="20"/>
<noBackgroundColor>true</noBackgroundColor>
<noForegroundColor>true</noForegroundColor>
</targetLabel>
<points>
<point x="386" y="210"/>
<point x="182" y="96"/>
</points>
</Connector>
<Connector class="oracle.dbtools.crest.swingui.logical.TVRelation" oid="F9EFEC0F-F0A9-190D-DA44-6064A94B85A9" otype="Relation" vid_source="596C0F74-53EE-0E0E-CE9C-86FA05CF9451" vid_target="C4F5963E-0801-9129-F904-0BDA73AD72D6">
<hideElementsInCurrentOnly>false</hideElementsInCurrentOnly>
<backgroundColor>-16777216</backgroundColor>
<lineWidth>1</lineWidth>
<sourceLabel class="oracle.dbtools.crest.model.design.Label">
<site>0</site>
<labelBounds x="492" y="457" width="56" height="20"/>
<noBackgroundColor>true</noBackgroundColor>
<noForegroundColor>true</noForegroundColor>
</sourceLabel>
<targetLabel class="oracle.dbtools.crest.model.design.Label">
<site>2</site>
<labelBounds x="419" y="460" width="26" height="20"/>
<noBackgroundColor>true</noBackgroundColor>
<noForegroundColor>true</noForegroundColor>
</targetLabel>
<points>
<point x="492" y="431"/>
<point x="419" y="486"/>
</points>
</Connector>
<Connector class="oracle.dbtools.crest.swingui.logical.TVRelation" oid="FC8C4EE5-05B1-A6D9-14A6-92FAD7F7949B" otype="Relation" vid_source="E2070B36-375B-CA4C-377B-9AE509E83582" vid_target="C4F5963E-0801-9129-F904-0BDA73AD72D6">
<hideElementsInCurrentOnly>false</hideElementsInCurrentOnly>
<backgroundColor>-16777216</backgroundColor>
<lineWidth>1</lineWidth>
<sourceLabel class="oracle.dbtools.crest.model.design.Label">
<site>0</site>
<labelBounds x="392" y="717" width="47" height="20"/>
<noBackgroundColor>true</noBackgroundColor>
<noForegroundColor>true</noForegroundColor>
</sourceLabel>
<targetLabel class="oracle.dbtools.crest.model.design.Label">
<site>2</site>
<labelBounds x="392" y="621" width="91" height="20"/>
<noBackgroundColor>true</noBackgroundColor>
<noForegroundColor>true</noForegroundColor>
</targetLabel>
<points>
<point x="392" y="759"/>
<point x="392" y="587"/>
</points>
</Connector>
</connectors>
</Diagram>