<?xml version = '1.0' encoding = 'UTF-8'?>
<FKIndexAssociation class="oracle.dbtools.crest.model.design.relational.FKIndexAssociation" directorySegmentName="seg_0" id="00F4FA6D-8A5D-4415-A862-B9D364CF2475" containerWithKeyObject="161AC71C-D02E-8BDA-8DE2-33E994AEAAB7" localFKIndex="8E34B8F4-1F4F-5EFD-46EE-AD8826D121E5" name="fk_alejka_sklep">
<sourceDDLFile>basic1.sql</sourceDDLFile>
<createdBy>pawlo</createdBy>
<createdTime>2024-11-18 19:12:53 UTC</createdTime>
<ownerDesignName>basic</ownerDesignName>
<importedID>D6FE283B-719E-DF0B-DF4F-7714463DC897</importedID>
<referredTableLongName>sklep</referredTableLongName>
<deleteRule>NO ACTION</deleteRule>
<referredTableID>9DAB0003-484A-13C3-C469-D758F4575C05</referredTableID>
<keyObject>6D001AE1-974F-A11D-D7FB-F3F785B6E982</keyObject>
<referredKeyID>6D001AE1-974F-A11D-D7FB-F3F785B6E982</referredKeyID>
<mandatory>true</mandatory>
<refColNames>id_sklep</refColNames>
<transferable>true</transferable>
<rely>false</rely>
<columnDependencyConstraintGenerateInDDL>true</columnDependencyConstraintGenerateInDDL>
</FKIndexAssociation>