<?xml version = '1.0' encoding = 'UTF-8'?>
<FKIndexAssociation class="oracle.dbtools.crest.model.design.relational.FKIndexAssociation" directorySegmentName="seg_0" id="02799502-D8BB-6C43-EB82-8B380AAFE85A" containerWithKeyObject="636FFFF8-8C8E-0FB9-FE6A-60D883BD45EB" localFKIndex="78ECBA6E-AF27-A3DE-43A6-FB93B6B3EDCF" name="fk_prod_asort_alejka">
<sourceDDLFile>basic1.sql</sourceDDLFile>
<createdBy>pawlo</createdBy>
<createdTime>2024-11-18 19:12:53 UTC</createdTime>
<ownerDesignName>basic</ownerDesignName>
<importedID>8B7811ED-B419-1027-F3A1-7D13DE167DCF</importedID>
<referredTableLongName>alejka</referredTableLongName>
<deleteRule>NO ACTION</deleteRule>
<referredTableID>161AC71C-D02E-8BDA-8DE2-33E994AEAAB7</referredTableID>
<keyObject>0D913837-05EF-1B93-7FB5-D7FE38090F78</keyObject>
<referredKeyID>0D913837-05EF-1B93-7FB5-D7FE38090F78</referredKeyID>
<mandatory>true</mandatory>
<refColNames>id_alejka</refColNames>
<transferable>true</transferable>
<rely>false</rely>
<columnDependencyConstraintGenerateInDDL>true</columnDependencyConstraintGenerateInDDL>
</FKIndexAssociation>