<?xml version = '1.0' encoding = 'UTF-8'?>
<FKIndexAssociation class="oracle.dbtools.crest.model.design.relational.FKIndexAssociation" directorySegmentName="seg_0" id="064B19BF-13D8-2EA3-75F4-C3A83585BA88" containerWithKeyObject="BF523314-82DA-D85E-A749-016733AD0D59" localFKIndex="6C23EDE6-5B02-A27C-AEBE-13E166736822" name="fk_promocja_produkt">
<sourceDDLFile>basic1.sql</sourceDDLFile>
<createdBy>pawlo</createdBy>
<createdTime>2024-11-18 19:12:53 UTC</createdTime>
<ownerDesignName>basic</ownerDesignName>
<importedID>1BC31580-0CF6-7124-E638-E7D0AA06C147</importedID>
<referredTableLongName>produkt</referredTableLongName>
<deleteRule>NO ACTION</deleteRule>
<referredTableID>6A1E2FE9-37D9-CDCD-A0EF-6BE9D589D663</referredTableID>
<keyObject>8A9A167E-1E89-7BBB-F5BE-902AB238B1E0</keyObject>
<referredKeyID>8A9A167E-1E89-7BBB-F5BE-902AB238B1E0</referredKeyID>
<mandatory>true</mandatory>
<refColNames>nazwa</refColNames>
<transferable>true</transferable>
<rely>false</rely>
<columnDependencyConstraintGenerateInDDL>true</columnDependencyConstraintGenerateInDDL>
</FKIndexAssociation>