<?xml version = '1.0' encoding = 'UTF-8'?>
<FKIndexAssociation class="oracle.dbtools.crest.model.design.relational.FKIndexAssociation" directorySegmentName="seg_0" id="14026BA9-B731-A14C-263C-63FF1FE879DC" containerWithKeyObject="4A93B305-8A92-D2F4-21FC-B4043B8286D1" localFKIndex="8CE17904-5FDB-211C-FFBB-F0B5395D05E1" name="fk_elem_zamow_produkt">
<sourceDDLFile>basic1.sql</sourceDDLFile>
<createdBy>pawlo</createdBy>
<createdTime>2024-11-18 19:12:53 UTC</createdTime>
<ownerDesignName>basic</ownerDesignName>
<importedID>89C54199-8633-6129-8B42-12B797445422</importedID>
<referredTableLongName>produkt</referredTableLongName>
<deleteRule>NO ACTION</deleteRule>
<referredTableID>6A1E2FE9-37D9-CDCD-A0EF-6BE9D589D663</referredTableID>
<keyObject>8A9A167E-1E89-7BBB-F5BE-902AB238B1E0</keyObject>
<referredKeyID>8A9A167E-1E89-7BBB-F5BE-902AB238B1E0</referredKeyID>
<mandatory>true</mandatory>
<refColNames>nazwa</refColNames>
<transferable>true</transferable>
<rely>false</rely>
<columnDependencyConstraintGenerateInDDL>true</columnDependencyConstraintGenerateInDDL>
</FKIndexAssociation>