<?xml version = '1.0' encoding = 'UTF-8'?>
<FKIndexAssociation class="oracle.dbtools.crest.model.design.relational.FKIndexAssociation" directorySegmentName="seg_0" id="51D9FB40-7869-0460-3B0F-AE210A33C5B2" containerWithKeyObject="636FFFF8-8C8E-0FB9-FE6A-60D883BD45EB" localFKIndex="0FDE75E0-9263-E31E-3C5C-C97ADBD4C9E4" name="fk_prod_asort_produkt">
<sourceDDLFile>basic1.sql</sourceDDLFile>
<createdBy>pawlo</createdBy>
<createdTime>2024-11-18 19:12:53 UTC</createdTime>
<ownerDesignName>basic</ownerDesignName>
<importedID>9083B16E-6953-EF3B-3C41-5FF82DFE7838</importedID>
<referredTableLongName>produkt</referredTableLongName>
<deleteRule>NO ACTION</deleteRule>
<referredTableID>6A1E2FE9-37D9-CDCD-A0EF-6BE9D589D663</referredTableID>
<keyObject>8A9A167E-1E89-7BBB-F5BE-902AB238B1E0</keyObject>
<referredKeyID>8A9A167E-1E89-7BBB-F5BE-902AB238B1E0</referredKeyID>
<mandatory>true</mandatory>
<refColNames>nazwa</refColNames>
<transferable>true</transferable>
<rely>false</rely>
<columnDependencyConstraintGenerateInDDL>true</columnDependencyConstraintGenerateInDDL>
</FKIndexAssociation>