<?xml version = '1.0' encoding = 'UTF-8'?>
<FKIndexAssociation class="oracle.dbtools.crest.model.design.relational.FKIndexAssociation" directorySegmentName="seg_0" id="611EF10B-443B-BA99-1523-4EAF75F8A0DA" containerWithKeyObject="A40003EA-1AFF-62D0-B90B-6D98BF2D980F" localFKIndex="0392BD79-1CF3-86F0-A451-890896CAB577" name="fk_lodowka_klient">
<sourceDDLFile>basic1.sql</sourceDDLFile>
<createdBy>pawlo</createdBy>
<createdTime>2024-11-18 19:12:53 UTC</createdTime>
<ownerDesignName>basic</ownerDesignName>
<importedID>8DC366A6-2620-A43A-B27C-2B1B6B93A242</importedID>
<referredTableLongName>klient</referredTableLongName>
<deleteRule>NO ACTION</deleteRule>
<referredTableID>D1E5D845-5BC2-127F-AFE3-43F8CAF69AF7</referredTableID>
<keyObject>2EA0EC55-8753-27A1-135D-50D9AB226B7F</keyObject>
<referredKeyID>2EA0EC55-8753-27A1-135D-50D9AB226B7F</referredKeyID>
<mandatory>true</mandatory>
<refColNames>email</refColNames>
<transferable>true</transferable>
<rely>false</rely>
<columnDependencyConstraintGenerateInDDL>true</columnDependencyConstraintGenerateInDDL>
</FKIndexAssociation>