<?xml version = '1.0' encoding = 'UTF-8'?>
<FKIndexAssociation class="oracle.dbtools.crest.model.design.relational.FKIndexAssociation" directorySegmentName="seg_0" id="64B6104C-A1FC-1F71-D37C-0ED1AADCA509" containerWithKeyObject="BF523314-82DA-D85E-A749-016733AD0D59" localFKIndex="B0592F35-2B56-293C-528C-C175AEA00FAA" name="fk_promocja_sklep">
<sourceDDLFile>basic1.sql</sourceDDLFile>
<createdBy>pawlo</createdBy>
<createdTime>2024-11-18 19:12:53 UTC</createdTime>
<ownerDesignName>basic</ownerDesignName>
<importedID>5A9C4E8F-62A2-7BE6-C2AC-A24E92F570AA</importedID>
<referredTableLongName>sklep</referredTableLongName>
<deleteRule>NO ACTION</deleteRule>
<referredTableID>9DAB0003-484A-13C3-C469-D758F4575C05</referredTableID>
<keyObject>6D001AE1-974F-A11D-D7FB-F3F785B6E982</keyObject>
<referredKeyID>6D001AE1-974F-A11D-D7FB-F3F785B6E982</referredKeyID>
<mandatory>true</mandatory>
<refColNames>id_sklep</refColNames>
<transferable>true</transferable>
<rely>false</rely>
<columnDependencyConstraintGenerateInDDL>true</columnDependencyConstraintGenerateInDDL>
</FKIndexAssociation>