<?xml version = '1.0' encoding = 'UTF-8'?>
<FKIndexAssociation class="oracle.dbtools.crest.model.design.relational.FKIndexAssociation" directorySegmentName="seg_0" id="77B23CDE-A551-3662-8FEC-98E7560249D9" containerWithKeyObject="4A93B305-8A92-D2F4-21FC-B4043B8286D1" localFKIndex="D4055897-5331-5CFA-8A90-F03CE2F0A8BA" name="fk_elem_zamow_zamow">
<sourceDDLFile>basic1.sql</sourceDDLFile>
<createdBy>pawlo</createdBy>
<createdTime>2024-11-18 19:12:53 UTC</createdTime>
<ownerDesignName>basic</ownerDesignName>
<importedID>7B8D7EF5-23EA-3EDA-8DB0-2E13F46CBBC6</importedID>
<referredTableLongName>zamowienie</referredTableLongName>
<deleteRule>NO ACTION</deleteRule>
<referredTableID>A1406B28-9D91-F4C7-09EB-7D7B2E5EA013</referredTableID>
<keyObject>1B6AD489-8B4D-28D7-E649-CC9E2A770A92</keyObject>
<referredKeyID>1B6AD489-8B4D-28D7-E649-CC9E2A770A92</referredKeyID>
<mandatory>true</mandatory>
<refColNames>id_zamowienie</refColNames>
<transferable>true</transferable>
<rely>false</rely>
<columnDependencyConstraintGenerateInDDL>true</columnDependencyConstraintGenerateInDDL>
</FKIndexAssociation>