<?xml version = '1.0' encoding = 'UTF-8'?>
<FKIndexAssociation class="oracle.dbtools.crest.model.design.relational.FKIndexAssociation" directorySegmentName="seg_0" id="84180055-87AE-4FD9-A359-12930352678B" containerWithKeyObject="A1406B28-9D91-F4C7-09EB-7D7B2E5EA013" localFKIndex="83BFC822-A9D4-7B1C-4751-4AE6085E8F4E" name="fk_zamowienie_klient">
<sourceDDLFile>basic1.sql</sourceDDLFile>
<createdBy>pawlo</createdBy>
<createdTime>2024-11-18 19:12:53 UTC</createdTime>
<ownerDesignName>basic</ownerDesignName>
<importedID>8D26166D-9377-79D8-4A16-CFE37FA8EF90</importedID>
<referredTableLongName>klient</referredTableLongName>
<deleteRule>NO ACTION</deleteRule>
<referredTableID>D1E5D845-5BC2-127F-AFE3-43F8CAF69AF7</referredTableID>
<keyObject>2EA0EC55-8753-27A1-135D-50D9AB226B7F</keyObject>
<referredKeyID>2EA0EC55-8753-27A1-135D-50D9AB226B7F</referredKeyID>
<mandatory>true</mandatory>
<refColNames>email</refColNames>
<transferable>true</transferable>
<rely>false</rely>
<columnDependencyConstraintGenerateInDDL>true</columnDependencyConstraintGenerateInDDL>
</FKIndexAssociation>