<?xml version = '1.0' encoding = 'UTF-8'?>
<FKIndexAssociation class="oracle.dbtools.crest.model.design.relational.FKIndexAssociation" directorySegmentName="seg_0" id="9B518AB4-1F23-2D72-6C06-4557280DD4A4" containerWithKeyObject="617C4236-2E35-626F-AB1E-D59F40B6AC87" localFKIndex="915DCA02-261E-A6E5-4C13-A56626BA80E7" name="fk_skladnik_danie">
<sourceDDLFile>basic1.sql</sourceDDLFile>
<createdBy>pawlo</createdBy>
<createdTime>2024-11-18 19:12:53 UTC</createdTime>
<ownerDesignName>basic</ownerDesignName>
<importedID>26EDBA91-1C39-45DC-CD77-1B8B568B0718</importedID>
<referredTableLongName>danie</referredTableLongName>
<deleteRule>NO ACTION</deleteRule>
<referredTableID>8B260DE8-4A5C-617A-D44F-034821362DCF</referredTableID>
<keyObject>DE294048-5A0D-FFF2-E49C-C665895C9B68</keyObject>
<referredKeyID>DE294048-5A0D-FFF2-E49C-C665895C9B68</referredKeyID>
<mandatory>true</mandatory>
<refColNames>nazwa</refColNames>
<transferable>true</transferable>
<rely>false</rely>
<columnDependencyConstraintGenerateInDDL>true</columnDependencyConstraintGenerateInDDL>
</FKIndexAssociation>