<?xml version = '1.0' encoding = 'UTF-8'?>
<FKIndexAssociation class="oracle.dbtools.crest.model.design.relational.FKIndexAssociation" directorySegmentName="seg_0" id="B952DB6C-C356-1EF5-AD38-8C88079D0656" containerWithKeyObject="617C4236-2E35-626F-AB1E-D59F40B6AC87" localFKIndex="37AC00AB-F1D2-1C1F-58C0-F0E367101D81" name="fk_skladnik_produkt">
<sourceDDLFile>basic1.sql</sourceDDLFile>
<createdBy>pawlo</createdBy>
<createdTime>2024-11-18 19:12:53 UTC</createdTime>
<ownerDesignName>basic</ownerDesignName>
<importedID>A80C6BEB-7CB0-013A-4AE6-0D6195C9AAE2</importedID>
<referredTableLongName>produkt</referredTableLongName>
<deleteRule>NO ACTION</deleteRule>
<referredTableID>6A1E2FE9-37D9-CDCD-A0EF-6BE9D589D663</referredTableID>
<keyObject>8A9A167E-1E89-7BBB-F5BE-902AB238B1E0</keyObject>
<referredKeyID>8A9A167E-1E89-7BBB-F5BE-902AB238B1E0</referredKeyID>
<mandatory>true</mandatory>
<refColNames>nazwa</refColNames>
<transferable>true</transferable>
<rely>false</rely>
<columnDependencyConstraintGenerateInDDL>true</columnDependencyConstraintGenerateInDDL>
</FKIndexAssociation>