<?xml version = '1.0' encoding = 'UTF-8'?>
<FKIndexAssociation class="oracle.dbtools.crest.model.design.relational.FKIndexAssociation" directorySegmentName="seg_0" id="E7DAA290-A5C0-B96F-7450-5B08CA169C0E" containerWithKeyObject="A40003EA-1AFF-62D0-B90B-6D98BF2D980F" localFKIndex="88BD07A1-D12E-3091-CA2C-77CEE72BEF43" name="fk_lodowka_produkt">
<sourceDDLFile>basic1.sql</sourceDDLFile>
<createdBy>pawlo</createdBy>
<createdTime>2024-11-18 19:12:53 UTC</createdTime>
<ownerDesignName>basic</ownerDesignName>
<importedID>11A92780-FA1E-D552-3CBE-EAE8A0C89AAC</importedID>
<referredTableLongName>produkt</referredTableLongName>
<deleteRule>NO ACTION</deleteRule>
<referredTableID>6A1E2FE9-37D9-CDCD-A0EF-6BE9D589D663</referredTableID>
<keyObject>8A9A167E-1E89-7BBB-F5BE-902AB238B1E0</keyObject>
<referredKeyID>8A9A167E-1E89-7BBB-F5BE-902AB238B1E0</referredKeyID>
<mandatory>true</mandatory>
<refColNames>nazwa</refColNames>
<transferable>true</transferable>
<rely>false</rely>
<columnDependencyConstraintGenerateInDDL>true</columnDependencyConstraintGenerateInDDL>
</FKIndexAssociation>